{"X": {"MEANINGS": {"2": ["Noun", "the 24th letter of the Roman alphabet", ["Letter", "Letter of the alphabet", "Alphabetic character"], []]}, "ANTONYMS": [], "SYNONYMS": ["Tenner", "Adam", "Ecstasy", "Xtc", "Disco biscuit"]}, "XANTHATE": {"MEANINGS": {"1": ["Noun", "a salt or ester of xanthic acid", ["Salt"], []]}, "ANTONYMS": [], "SYNONYMS": ["Xanthate"]}, "XANTHATES": {"MEANINGS": {}, "ANTONYMS": [], "SYNONYMS": ["Xanthate"]}, "XANTHELASMA": {"MEANINGS": {"1": ["Noun", "xanthoma of the eyelids; occurs chiefly in the elderly", ["Xanthoma"], []]}, "ANTONYMS": [], "SYNONYMS": ["Xanthelasma"]}, "XANTHINE": {"MEANINGS": {"1": ["Noun", "crystalline oxidation product of the metabolism of nucleoproteins; precursor of uric acid; found in many organs and in urine", ["Organic compound"], []]}, "ANTONYMS": [], "SYNONYMS": ["Xanthine"]}, "XANTHINES": {"MEANINGS": {}, "ANTONYMS": [], "SYNONYMS": ["Xanthine"]}, "XANTHIUM": {"MEANINGS": {"1": ["Noun", "coarse herbs having small heads of greenish flowers followed by burrs with hooked bristles", ["Asterid dicot genus"], []]}, "ANTONYMS": [], "SYNONYMS": ["Genus xanthium", "Xanthium"]}, "XANTHOMA": {"MEANINGS": {"1": ["Noun", "a skin problem marked by the development (on the eyelids and neck and back) of irregular yellow nodules; sometimes attributable to disturbances of cholesterol metabolism", ["Skin disease", "Disease of the skin", "Skin disorder"], []]}, "ANTONYMS": [], "SYNONYMS": ["Xanthoma"]}, "XANTHOMAS": {"MEANINGS": {}, "ANTONYMS": [], "SYNONYMS": ["Xanthoma"]}, "XANTHOMATOSIS": {"MEANINGS": {"1": ["Noun", "widespread xanthomas (especially on elbows and knees); often associated with a disorder of lipid metabolism", ["Xanthoma"], []]}, "ANTONYMS": [], "SYNONYMS": ["Xanthomatosis", "Cholesterosis cutis", "Xanthoma multiplex", "Lipid granulomatosis", "Lipoid granulomatosis"]}, "XANTHOMONAS": {"MEANINGS": {"1": ["Noun", "a genus of bacteria similar to Pseudomonas but producing a yellow pigment that is not soluble in water", ["Bacteria genus"], []]}, "ANTONYMS": [], "SYNONYMS": ["Genus xanthomonas", "Xanthomonas"]}, "XANTHOPHYCEAE": {"MEANINGS": {"1": ["Noun", "yellow-green algae", ["Class"], []]}, "ANTONYMS": [], "SYNONYMS": ["Class xanthophyceae", "Xanthophyceae"]}, "XANTHOPHYL": {"MEANINGS": {}, "ANTONYMS": [], "SYNONYMS": ["Xanthophyll", "Xanthophyl", "Lutein"]}, "XANTHOPHYLL": {"MEANINGS": {"1": ["Noun", "yellow carotenoid pigments in plants and animal fats and egg yolks", ["Carotenoid"], []]}, "ANTONYMS": [], "SYNONYMS": ["Xanthophyll", "Xanthophyl", "Lutein"]}, "XANTHOPSIA": {"MEANINGS": {"1": ["Noun", "visual defect in which objects appear to have a yellowish hue; sometimes occurs in cases of jaundice", ["Visual impairment", "Visual defect", "Vision defect", "Visual disorder"], []]}, "ANTONYMS": [], "SYNONYMS": ["Xanthopsia"]}, "XANTHOSIS": {"MEANINGS": {"1": ["Noun", "an abnormal yellow discoloration of the skin", ["Skin disease", "Disease of the skin", "Skin disorder"], []]}, "ANTONYMS": [], "SYNONYMS": ["Xanthosis"]}, "XANTHOSOMA": {"MEANINGS": {"1": ["Noun", "tropical American tuberous perennials", ["Monocot genus", "Liliopsid genus"], []]}, "ANTONYMS": [], "SYNONYMS": ["Genus xanthosoma", "Xanthosoma"]}, "XANTHOUS": {"MEANINGS": {}, "ANTONYMS": [], "SYNONYMS": ["Yellow", "Xanthous", "Yellowish"]}, "XAVIER": {"MEANINGS": {"1": ["Noun", "Spanish missionary and Jesuit who establish missionaries in Japan and Ceylon and the East Indies (1506-1552)", [], []]}, "ANTONYMS": [], "SYNONYMS": ["Xavier", "Saint francis xavier"]}, "X-AXIS": {"MEANINGS": {"1": ["Noun", "the horizontal axis in a plane coordinate system", ["Coordinate axis"], []]}, "ANTONYMS": [], "SYNONYMS": ["X-axis"]}, "XC": {"MEANINGS": {}, "ANTONYMS": [], "SYNONYMS": ["Ninety", "90", "Xc"]}, "XCL": {"MEANINGS": {}, "ANTONYMS": [], "SYNONYMS": ["190", "One hundred ninety", "Xcl"]}, "XE": {"MEANINGS": {}, "ANTONYMS": [], "SYNONYMS": ["Xenon", "Xe", "Atomic number 54"]}, "XENARTHRA": {"MEANINGS": {"1": ["Noun", "armadillos; American anteaters; sloths", ["Animal order"], []]}, "ANTONYMS": [], "SYNONYMS": ["Suborder xenarthra", "Xenarthra"]}, "XENICIDAE": {"MEANINGS": {"1": ["Noun", "alternative names for the family comprising the New Zealand wrens", ["Bird family"], []]}, "ANTONYMS": [], "SYNONYMS": ["Family xenicidae", "Xenicidae", "Family acanthisittidae", "Acanthisittidae"]}, "XENICUS": {"MEANINGS": {"1": ["Noun", "type genus for the Xenicidae", ["Bird genus"], []]}, "ANTONYMS": [], "SYNONYMS": ["Xenicus", "Genus xenicus"]}, "XENOGENEIC": {"MEANINGS": {"1": ["Adjective", "denoting or relating to cells or tissues from individuals belonging to different species", [], []]}, "ANTONYMS": ["allogeneic"], "SYNONYMS": ["Xenogeneic"]}, "XENOGENESIS": {"MEANINGS": {}, "ANTONYMS": [], "SYNONYMS": ["Heterogenesis", "Alternation of generations", "Xenogenesis"]}, "XENOGRAFT": {"MEANINGS": {}, "ANTONYMS": [], "SYNONYMS": ["Xenograft", "Heterograft"]}, "XENOLITH": {"MEANINGS": {"1": ["Noun", "(geology) a piece of rock of different origin from the igneous rock in which it is embedded", ["Rock", "Stone"], []]}, "ANTONYMS": [], "SYNONYMS": ["Xenolith"]}, "XENOLITHS": {"MEANINGS": {}, "ANTONYMS": [], "SYNONYMS": ["Xenolith"]}, "XENON": {"MEANINGS": {"1": ["Noun", "a colorless odorless inert gaseous element occurring in the earth's atmosphere in trace amounts", ["Chemical element", "Element", "Noble gas", "Inert gas", "Argonon"], []]}, "ANTONYMS": [], "SYNONYMS": ["Xenon", "Xe", "Atomic number 54"]}, "XENONS": {"MEANINGS": {}, "ANTONYMS": [], "SYNONYMS": ["Xenon", "Xe", "Atomic number 54"]}, "XENOPHANES": {"MEANINGS": {"1": ["Noun", "Greek philosopher (560-478 BC)", [], []]}, "ANTONYMS": [], "SYNONYMS": ["Xenophanes"]}, "XENOPHOBIA": {"MEANINGS": {"1": ["Noun", "a fear of foreigners or strangers", ["Social phobia"], []]}, "ANTONYMS": [], "SYNONYMS": ["Xenophobia"]}, "XENOPHOBIC": {"MEANINGS": {"1": ["Adjective", "suffering from xenophobia; having abnormal fear or hatred of the strange or foreign", [], []]}, "ANTONYMS": [], "SYNONYMS": ["Xenophobic"]}, "XENOPHON": {"MEANINGS": {"1": ["Noun", "Greek general and historian; student of Socrates (430-355 BC)", [], []]}, "ANTONYMS": [], "SYNONYMS": ["Xenophon"]}, "XENOPODIDAE": {"MEANINGS": {"1": ["Noun", "in some classifications the family of the genus Xenopus which is otherwise included in the family Pipidae", ["Amphibian family"], []]}, "ANTONYMS": [], "SYNONYMS": ["Family xenopodidae", "Xenopodidae"]}, "XENOPUS": {"MEANINGS": {"1": ["Noun", "an African clawed frog; in some classifications made the type genus of a separate family Xenopodidae", ["Amphibian genus"], []]}, "ANTONYMS": [], "SYNONYMS": ["Genus xenopus", "Xenopus"]}, "XENOSAURIDAE": {"MEANINGS": {"1": ["Noun", "monotypic family of Mexican lizards", ["Reptile family"], []]}, "ANTONYMS": [], "SYNONYMS": ["Family xenosauridae", "Xenosauridae"]}, "XENOSAURUS": {"MEANINGS": {"1": ["Noun", "type and sole genus of Xenosauridae: slender-bodied Mexican lizards having the upper surface covered with tiny granules and tubercles", ["Reptile genus"], []]}, "ANTONYMS": [], "SYNONYMS": ["Genus xenosaurus", "Xenosaurus"]}, "XENOTIME": {"MEANINGS": {"1": ["Noun", "a brown-to-yellow mineral that is a phosphate of yttrium in crystalline form", ["Mineral"], []]}, "ANTONYMS": [], "SYNONYMS": ["Xenotime"]}, "XERANTHEMUM": {"MEANINGS": {"1": ["Noun", "any plant of the genus Xeranthemum native to southern Europe having chaffy or silvery flower heads with purplish tubular flowers", ["Flower"], []]}, "ANTONYMS": [], "SYNONYMS": ["Xeranthemum"]}, "XERIC": {"MEANINGS": {"1": ["Adjective", "being deficient in moisture", [], ["deserts provide xeric environments"]]}, "ANTONYMS": ["hydric"], "SYNONYMS": ["Xeric"]}, "XERODERMA": {"MEANINGS": {"1": ["Noun", "a mild form of ichthyosis characterized by abnormal dryness and roughness of the skin", ["Ichthyosis"], []]}, "ANTONYMS": [], "SYNONYMS": ["Xerodermia", "Xeroderma"]}, "XERODERMIA": {"MEANINGS": {}, "ANTONYMS": [], "SYNONYMS": ["Xerodermia", "Xeroderma"]}, "XEROGRAPHY": {"MEANINGS": {"1": ["Noun", "forming an image by the action of light on a specially coated charged plate; the latent image is developed with powders that adhere only to electrically charged areas", ["Photography", "Picture taking"], ["edge enhancement is intrinsic in xerography"]]}, "ANTONYMS": [], "SYNONYMS": ["Xerography"]}, "XEROGRAPHIC": {"MEANINGS": {"1": ["Adjective", "of or relating to xerography", [], []]}, "ANTONYMS": [], "SYNONYMS": ["Xerographic"]}, "XEROMA": {"MEANINGS": {}, "ANTONYMS": [], "SYNONYMS": ["Xeroma", "Xerophthalmus", "Conjunctivitis arida", "Xerophthalmia"]}, "XEROPHILE": {"MEANINGS": {}, "ANTONYMS": [], "SYNONYMS": ["Xerophyte", "Xerophytic plant", "Xerophile", "Xerophilous plant", "Desert plant"]}, "XEROPHYLLUM": {"MEANINGS": {"1": ["Noun", "small genus of North American herbs having grasslike basal leaves: squaw grass; sometimes placed in family Melanthiaceae", ["Liliid monocot genus"], []]}, "ANTONYMS": [], "SYNONYMS": ["Genus xerophyllum", "Xerophyllum"]}, "XEROPHYTE": {"MEANINGS": {}, "ANTONYMS": [], "SYNONYMS": ["Xerophyte", "Xerophytic plant", "Xerophile", "Xerophilous plant", "Desert plant"]}, "XEROPHYTIC": {"MEANINGS": {"1": ["Adjective", "adapted to a xeric (or dry) environment", [], ["cacti are xerophytic plants", "xerophytic adaptations"]]}, "ANTONYMS": [], "SYNONYMS": ["Xerophytic"]}, "XEROPHTHALMIA": {"MEANINGS": {"1": ["Noun", "abnormal dryness of the conjunctiva and cornea of the eyes; may be due to a systemic deficiency of vitamin A", ["Dryness", "Waterlessness", "Xerotes"], []]}, "ANTONYMS": [], "SYNONYMS": ["Xeroma", "Xerophthalmus", "Conjunctivitis arida", "Xerophthalmia"]}, "XEROSTOMIA": {"MEANINGS": {"1": ["Noun", "abnormal dryness of the mouth resulting from decreased secretion of saliva", ["Dryness", "Waterlessness", "Xerotes"], []]}, "ANTONYMS": [], "SYNONYMS": ["Dry mouth", "Xerostomia"]}, "XEROTES": {"MEANINGS": {}, "ANTONYMS": ["wetness"], "SYNONYMS": ["Dryness", "Waterlessness", "Xerotes"]}, "XEROX": {"MEANINGS": {"1": ["Noun", "a copy made by a xerographic printer", ["Copy"], []], "2": ["Noun", "a duplicator (trade mark Xerox) that copies graphic matter by the action of light on an electrically charged photoconductive insulating surface in which the latent image is developed with a resinous powder", ["Duplicator", "Copier"], []]}, "ANTONYMS": [], "SYNONYMS": ["Xerox copy", "Run off", "Xerographic copier", "Photocopy", "Xerox machine"]}, "XEROXED": {"MEANINGS": {}, "ANTONYMS": [], "SYNONYMS": ["Photocopy", "Run off", "Xerox"]}, "XEROXES": {"MEANINGS": {}, "ANTONYMS": [], "SYNONYMS": ["Xerox copy", "Run off", "Xerographic copier", "Photocopy", "Xerox machine"]}, "XEROXING": {"MEANINGS": {}, "ANTONYMS": [], "SYNONYMS": ["Photocopy", "Run off", "Xerox"]}, "XHOSA": {"MEANINGS": {"1": ["Noun", "a member of the Negroid people of southern South Africa", ["African"], []], "2": ["Noun", "a community of Negroid people in southern South Africa", [], []], "3": ["Noun", "a Bantu language closely related to Zulu", ["Nguni"], []]}, "ANTONYMS": [], "SYNONYMS": ["Xhosa"]}, "XI": {"MEANINGS": {"2": ["Noun", "the 14th letter of the Greek alphabet", ["Letter", "Letter of the alphabet", "Alphabetic character"], []]}, "ANTONYMS": [], "SYNONYMS": ["Xi", "11", "Eleven"]}, "XIAN": {"MEANINGS": {"1": ["Noun", "a city of central China; capital of ancient Chinese empire 221-206 BC", [], []]}, "ANTONYMS": [], "SYNONYMS": ["Changan", "Xian", "Sian", "Singan", "Hsian"]}, "XII": {"MEANINGS": {}, "ANTONYMS": [], "SYNONYMS": ["Dozen", "12", "Xii", "Twelve"]}, "XIII": {"MEANINGS": {}, "ANTONYMS": [], "SYNONYMS": ["Thirteen", "13", "Xiii", "Baker's dozen", "Long dozen"]}, "XYLARIA": {"MEANINGS": {"1": ["Noun", "type genus of Xylariaceae; fungi with perithecia in the upper part of erect black woody stromata", ["Fungus genus"], []]}, "ANTONYMS": [], "SYNONYMS": ["Xylaria", "Genus xylaria"]}, "XYLARIACEAE": {"MEANINGS": {"1": ["Noun", "family of fungi characterized by dark brown to black spores", ["Fungus family"], []]}, "ANTONYMS": [], "SYNONYMS": ["Xylariaceae", "Family xylariaceae"]}, "XYLEM": {"MEANINGS": {"1": ["Noun", "the woody part of plants: the supporting and water-conducting tissue, consisting primarily of tracheids and vessels", ["Vascular tissue"], []]}, "ANTONYMS": [], "SYNONYMS": ["Xylem"]}, "XYLEMS": {"MEANINGS": {}, "ANTONYMS": [], "SYNONYMS": ["Xylem"]}, "XYLENE": {"MEANINGS": {"1": ["Noun", "a colorless flammable volatile liquid hydrocarbon used as a solvent", ["Solvent", "Dissolvent", "Dissolver", "Dissolving agent", "Resolvent"], []]}, "ANTONYMS": [], "SYNONYMS": ["Xylol", "Xylene"]}, "XYLENES": {"MEANINGS": {}, "ANTONYMS": [], "SYNONYMS": ["Xylol", "Xylene"]}, "XYLOCOPA": {"MEANINGS": {"1": ["Noun", "carpenter bees", ["Arthropod genus"], []]}, "ANTONYMS": [], "SYNONYMS": ["Xylocopa", "Genus xylocopa"]}, "XYLOL": {"MEANINGS": {}, "ANTONYMS": [], "SYNONYMS": ["Xylol", "Xylene"]}, "XYLOLS": {"MEANINGS": {}, "ANTONYMS": [], "SYNONYMS": ["Xylol", "Xylene"]}, "XYLOPHONE": {"MEANINGS": {}, "ANTONYMS": [], "SYNONYMS": ["Xylophone", "Marimba"]}, "XYLOPHONES": {"MEANINGS": {}, "ANTONYMS": [], "SYNONYMS": ["Xylophone", "Marimba"]}, "XYLOPHONIST": {"MEANINGS": {"1": ["Noun", "someone who plays a xylophone", ["Percussionist"], []]}, "ANTONYMS": [], "SYNONYMS": ["Xylophonist"]}, "XYLOPHONISTS": {"MEANINGS": {}, "ANTONYMS": [], "SYNONYMS": ["Xylophonist"]}, "XYLOPIA": {"MEANINGS": {"1": ["Noun", "tropical evergreen trees or shrubs; chiefly African", ["Magnoliid dicot genus"], []]}, "ANTONYMS": [], "SYNONYMS": ["Xylopia", "Genus xylopia"]}, "XYLOSE": {"MEANINGS": {}, "ANTONYMS": [], "SYNONYMS": ["Xylose", "Wood sugar"]}, "XYLOSES": {"MEANINGS": {}, "ANTONYMS": [], "SYNONYMS": ["Xylose", "Wood sugar"]}, "XYLOSMA": {"MEANINGS": {"1": ["Noun", "shrub or small tree grown as an ornamental in mild climates for its neat evergreen foliage and fragrant late flowers; native of China", ["Shrub", "Bush"], []]}, "ANTONYMS": [], "SYNONYMS": ["Xylosma congestum", "Xylosma"]}, "XIPHIAS": {"MEANINGS": {"1": ["Noun", "type genus of the Xiphiidae", ["Fish genus"], []]}, "ANTONYMS": [], "SYNONYMS": ["Genus xiphias", "Xiphias"]}, "XIPHIIDAE": {"MEANINGS": {"1": ["Noun", "comprising the common swordfishes", ["Fish family"], []]}, "ANTONYMS": [], "SYNONYMS": ["Family xiphiidae", "Xiphiidae"]}, "XIPHOSURA": {"MEANINGS": {"1": ["Noun", "horseshoe crabs and extinct forms", ["Animal order"], []]}, "ANTONYMS": [], "SYNONYMS": ["Order xiphosura", "Xiphosura"]}, "XYRIDACEAE": {"MEANINGS": {"1": ["Noun", "plants of tropical to temperate regions; usually in wet places", ["Monocot family", "Liliopsid family"], []]}, "ANTONYMS": [], "SYNONYMS": ["Family xyridaceae", "Xyridaceae", "Yellow-eyed grass family"]}, "XYRIDALES": {"MEANINGS": {"1": ["Noun", "an order of monocotyledonous herbs", ["Plant order"], []]}, "ANTONYMS": [], "SYNONYMS": ["Xyridales", "Order commelinales", "Order xyridales", "Commelinales"]}, "XYRIS": {"MEANINGS": {"1": ["Noun", "chiefly American marsh plants, having usually yellow flowers", ["Monocot genus", "Liliopsid genus"], []]}, "ANTONYMS": [], "SYNONYMS": ["Genus xyris", "Xyris"]}, "XIS": {"MEANINGS": {}, "ANTONYMS": [], "SYNONYMS": ["Xi", "11", "Eleven"]}, "XIV": {"MEANINGS": {}, "ANTONYMS": [], "SYNONYMS": ["Fourteen", "14", "Xiv"]}, "XIX": {"MEANINGS": {}, "ANTONYMS": [], "SYNONYMS": ["Xix", "Nineteen", "19"]}, "XL": {"MEANINGS": {}, "ANTONYMS": [], "SYNONYMS": ["Twoscore", "Xl", "Forty", "40"]}, "XMAS": {"MEANINGS": {}, "ANTONYMS": [], "SYNONYMS": ["Xmas", "Christmas", "Christmas day", "Dec 25"]}, "XMASES": {"MEANINGS": {}, "ANTONYMS": [], "SYNONYMS": ["Xmas", "Christmas", "Christmas day", "Dec 25"]}, "X-RADIATION": {"MEANINGS": {}, "ANTONYMS": [], "SYNONYMS": ["Roentgen ray", "X ray", "X-radiation", "X-ray", "X-raying"]}, "X-RAY": {"MEANINGS": {"1": ["Verb", "examine by taking x-rays", ["Examine", "See"], []], "2": ["Verb", "take an x-ray of something or somebody", ["Photograph", "Snap", "Shoot"], ["The doctor x-rayed my chest"]]}, "ANTONYMS": [], "SYNONYMS": ["Roentgen ray", "X-ray picture", "X ray", "X-radiation", "X-ray"]}, "XS": {"MEANINGS": {}, "ANTONYMS": [], "SYNONYMS": ["Tenner", "Adam", "Ecstasy", "Xtc", "Disco biscuit"]}, "XT": {"MEANINGS": {}, "ANTONYMS": [], "SYNONYMS": ["Xt", "Crosstalk"]}, "XTC": {"MEANINGS": {}, "ANTONYMS": [], "SYNONYMS": ["Adam", "Ecstasy", "Xtc", "Disco biscuit", "Hug drug"]}, "XVI": {"MEANINGS": {}, "ANTONYMS": [], "SYNONYMS": ["Sixteen", "Xvi", "16"]}, "XVII": {"MEANINGS": {}, "ANTONYMS": [], "SYNONYMS": ["Seventeen", "Xvii", "17"]}, "XVIII": {"MEANINGS": {}, "ANTONYMS": [], "SYNONYMS": ["Xviii", "18", "Eighteen"]}, "XX": {"MEANINGS": {"2": ["Noun", "(genetics) normal complement of sex chromosomes in a female", ["Sex chromosome"], []]}, "ANTONYMS": [], "SYNONYMS": ["Xx", "Twenty", "20"]}, "XXI": {"MEANINGS": {}, "ANTONYMS": [], "SYNONYMS": ["Twenty-one", "Xxi", "21"]}, "XXII": {"MEANINGS": {}, "ANTONYMS": [], "SYNONYMS": ["Xxii", "Twenty-two", "22"]}, "XXIII": {"MEANINGS": {}, "ANTONYMS": [], "SYNONYMS": ["Xxiii", "23", "Twenty-three"]}, "XXIV": {"MEANINGS": {}, "ANTONYMS": [], "SYNONYMS": ["Twenty-four", "Two dozen", "24", "Xxiv"]}, "XXV": {"MEANINGS": {}, "ANTONYMS": [], "SYNONYMS": ["Xxv", "Twenty-five", "25"]}, "XXX": {"MEANINGS": {"2": ["Noun", "(genetics) abnormal complement of three X chromosomes in a female", ["Sex chromosome"], []]}, "ANTONYMS": [], "SYNONYMS": ["Xxx", "Thirty", "30"]}}