{"Y": {"MEANINGS": {"2": ["Noun", "the 25th letter of the Roman alphabet", ["Letter", "Letter of the alphabet", "Alphabetic character"], []]}, "ANTONYMS": [], "SYNONYMS": ["Wye", "Atomic number 39", "Yttrium"]}, "YACCA": {"MEANINGS": {"1": ["Noun", "West Indian evergreen with medium to long leaves", ["Conifer", "Coniferous tree"], []]}, "ANTONYMS": [], "SYNONYMS": ["Yacca podocarp", "Yacca", "Podocarpus coriaceus"]}, "YACHT": {"MEANINGS": {"1": ["Verb", "travel in a yacht", ["Boat"], []]}, "ANTONYMS": [], "SYNONYMS": ["Yacht", "Racing yacht"]}, "YACHTED": {"MEANINGS": {}, "ANTONYMS": [], "SYNONYMS": ["Yacht"]}, "YACHTING": {"MEANINGS": {}, "ANTONYMS": [], "SYNONYMS": ["Yacht", "Yachting", "Boating"]}, "YACHTINGS": {"MEANINGS": {}, "ANTONYMS": [], "SYNONYMS": ["Yacht", "Yachting", "Boating"]}, "YACHTS": {"MEANINGS": {}, "ANTONYMS": [], "SYNONYMS": ["Yacht", "Racing yacht"]}, "YACHTSMAN": {"MEANINGS": {"1": ["Noun", "a person who owns or sails a yacht", ["Sailor", "Crewman"], []]}, "ANTONYMS": [], "SYNONYMS": ["Yachtswoman", "Yachtsman"]}, "YACHTSMEN": {"MEANINGS": {}, "ANTONYMS": [], "SYNONYMS": ["Yachtswoman", "Yachtsman"]}, "YACHTSWOMAN": {"MEANINGS": {}, "ANTONYMS": [], "SYNONYMS": ["Yachtswoman", "Yachtsman"]}, "YACHTSWOMEN": {"MEANINGS": {}, "ANTONYMS": [], "SYNONYMS": ["Yachtswoman", "Yachtsman"]}, "YACK": {"MEANINGS": {"1": ["Verb", "talk incessantly and tiresomely", ["Talk", "Speak", "Utter", "Mouth", "Verbalize", "Verbalise"], []]}, "ANTONYMS": [], "SYNONYMS": ["Yap away", "Rattle on", "Yack", "Yak", "Cackle"]}, "YACKED": {"MEANINGS": {}, "ANTONYMS": [], "SYNONYMS": ["Yap away", "Rattle on", "Jaw", "Yack", "Yack away"]}, "YACKING": {"MEANINGS": {}, "ANTONYMS": [], "SYNONYMS": ["Yap away", "Rattle on", "Jaw", "Yack", "Yack away"]}, "YACKS": {"MEANINGS": {}, "ANTONYMS": [], "SYNONYMS": ["Yap away", "Rattle on", "Yack", "Yak", "Cackle"]}, "YAFO": {"MEANINGS": {}, "ANTONYMS": [], "SYNONYMS": ["Yafo", "Joppa", "Jaffa"]}, "YAGI": {"MEANINGS": {"1": ["Noun", "a sharply directional antenna", ["Directional antenna"], []]}, "ANTONYMS": [], "SYNONYMS": ["Yagi", "Yagi aerial"]}, "YAGIS": {"MEANINGS": {}, "ANTONYMS": [], "SYNONYMS": ["Yagi", "Yagi aerial"]}, "YAHOO": {"MEANINGS": {"2": ["Noun", "one of a race of brutes resembling men but subject to the Houyhnhnms in a novel by Jonathan Swift", [], []], "3": ["Noun", "a widely used search engine for the web that finds information, news, images, products, finance", [], []]}, "ANTONYMS": [], "SYNONYMS": ["Hick", "Yahoo", "Hayseed", "Yokel", "Rube"]}, "YAHOOS": {"MEANINGS": {}, "ANTONYMS": [], "SYNONYMS": ["Hick", "Yahoo", "Hayseed", "Yokel", "Rube"]}, "YAHVE": {"MEANINGS": {}, "ANTONYMS": [], "SYNONYMS": ["Yahweh", "Yhwh", "Yahveh", "Jahvey", "Yahwe"]}, "YAHVEH": {"MEANINGS": {}, "ANTONYMS": [], "SYNONYMS": ["Yahweh", "Yhwh", "Yahveh", "Jahvey", "Yahwe"]}, "YAHWE": {"MEANINGS": {}, "ANTONYMS": [], "SYNONYMS": ["Yahweh", "Yhwh", "Yahveh", "Jahvey", "Yahwe"]}, "YAHWEH": {"MEANINGS": {"1": ["Noun", "a name for the God of the Old Testament as transliterated from the Hebrew consonants YHVH", [], []]}, "ANTONYMS": [], "SYNONYMS": ["Yahweh", "Yhwh", "Yahveh", "Jahvey", "Yahwe"]}, "YAY": {"MEANINGS": {"1": ["Noun", "a branch of the Tai languages", ["Tai"], []]}, "ANTONYMS": [], "SYNONYMS": ["Yay"]}, "YAYS": {"MEANINGS": {}, "ANTONYMS": [], "SYNONYMS": ["Yay"]}, "YAJUR-VEDA": {"MEANINGS": {"1": ["Noun", "a collection of sacrificial formulas and prayers", [], []]}, "ANTONYMS": [], "SYNONYMS": ["Yajur-veda"]}, "YAK": {"MEANINGS": {"1": ["Verb", "talk profusely", ["Communicate", "Intercommunicate"], ["she was yakking away about her grandchildren"]], "2": ["Noun", "large long-haired wild ox of Tibet often domesticated", ["Ox", "Wild ox"], []]}, "ANTONYMS": [], "SYNONYMS": ["Yack", "Gab", "Yak", "Cackle", "Chatter"]}, "YAKETY-YAK": {"MEANINGS": {}, "ANTONYMS": [], "SYNONYMS": ["Yack", "Yak", "Cackle", "Chatter", "Yakety-yak"]}, "YAKIMA": {"MEANINGS": {"1": ["Noun", "a town in south central Washington", [], []]}, "ANTONYMS": [], "SYNONYMS": ["Yakima"]}, "YAKKED": {"MEANINGS": {}, "ANTONYMS": [], "SYNONYMS": ["Gab", "Yak"]}, "YAKKING": {"MEANINGS": {}, "ANTONYMS": [], "SYNONYMS": ["Gab", "Yak"]}, "YAKS": {"MEANINGS": {}, "ANTONYMS": [], "SYNONYMS": ["Yack", "Gab", "Yak", "Cackle", "Chatter"]}, "YAKUT": {"MEANINGS": {"1": ["Noun", "a member of a Turkic people of northeastern Siberia (mainly in the Lena river basin)", ["Turki"], []], "2": ["Noun", "the Turkic language spoken by the Yakut", ["Turki", "Turkic", "Turko-tatar", "Turkic language"], []]}, "ANTONYMS": [], "SYNONYMS": ["Yakut"]}, "YALE": {"MEANINGS": {"2": ["Noun", "English philanthropist who made contributions to a college in Connecticut that was renamed in his honor (1649-1721)", [], []]}, "ANTONYMS": [], "SYNONYMS": ["Yale university", "Yale", "Elihu yale"]}, "YALTA": {"MEANINGS": {"1": ["Noun", "a resort city in Crimea in the southern Ukraine on the Black Sea; site of the Allied conference between Roosevelt, Stalin, and Churchill in February 1945", [], []]}, "ANTONYMS": [], "SYNONYMS": ["Yalta"]}, "YALU": {"MEANINGS": {"1": ["Noun", "river in eastern Asia; rises in North Korea and flows southwest to Korea Bay (forming part of the border between North Korea and China)", [], []]}, "ANTONYMS": [], "SYNONYMS": ["Yalu river", "Yalu"]}, "YAM": {"MEANINGS": {"1": ["Noun", "edible tuber of any of several yams", ["Tuber"], []], "2": ["Noun", "any of a number of tropical vines of the genus Dioscorea many having edible tuberous roots", ["Vine"], []], "3": ["Noun", "sweet potato with deep orange flesh that remains moist when baked", ["Sweet potato"], []], "4": ["Noun", "edible tuberous root of various yam plants of the genus Dioscorea grown in the tropics world-wide for food", ["Root vegetable"], []]}, "ANTONYMS": [], "SYNONYMS": ["Yam", "Yam plant"]}, "YAMA": {"MEANINGS": {"1": ["Noun", "Hindu god of death and lord of the underworld", [], []]}, "ANTONYMS": [], "SYNONYMS": ["Yama"]}, "YAMANI": {"MEANINGS": {"1": ["Noun", "Saudi Arabian minister of petroleum who was a central figure in the creation of OPEC (born in 1930)", [], []]}, "ANTONYMS": [], "SYNONYMS": ["Yamani", "Ahmed zoki yamani"]}, "YAMMER": {"MEANINGS": {}, "ANTONYMS": [], "SYNONYMS": ["Yawp", "Whine", "Yammer", "Yowl", "Wrawl"]}, "YAMMERED": {"MEANINGS": {}, "ANTONYMS": [], "SYNONYMS": ["Yawp", "Whine", "Yammer", "Yowl", "Wrawl"]}, "YAMMERING": {"MEANINGS": {}, "ANTONYMS": [], "SYNONYMS": ["Yawp", "Whine", "Yammer", "Yowl", "Wrawl"]}, "YAMMERS": {"MEANINGS": {}, "ANTONYMS": [], "SYNONYMS": ["Yawp", "Whine", "Yammer", "Yowl", "Wrawl"]}, "YAMS": {"MEANINGS": {}, "ANTONYMS": [], "SYNONYMS": ["Yam", "Yam plant"]}, "YANA": {"MEANINGS": {"1": ["Noun", "a member of an extinct North American Indian people who lived in northern California", ["Hokan", "Hoka"], []], "2": ["Noun", "the Yanan language spoken by the Yana", ["Yanan"], []]}, "ANTONYMS": [], "SYNONYMS": ["Yana"]}, "YANAN": {"MEANINGS": {"1": ["Noun", "a language group of the Hokan family", ["Hokan", "Hoka"], []]}, "ANTONYMS": [], "SYNONYMS": ["Yanan"]}, "YANG": {"MEANINGS": {"1": ["Noun", "the bright positive masculine principle in Chinese dualistic cosmology", ["Principle", "Rule"], ["yin and yang together produce everything that comes into existence"]]}, "ANTONYMS": ["yin"], "SYNONYMS": ["Yang"]}, "YANGS": {"MEANINGS": {}, "ANTONYMS": ["yin"], "SYNONYMS": ["Yang"]}, "YANGTZE": {"MEANINGS": {}, "ANTONYMS": [], "SYNONYMS": ["Chang", "Yangtze kiang", "Yangtze", "Yangtze river", "Chang jiang"]}, "YANK": {"MEANINGS": {"1": ["Verb", "pull, or move with a sudden movement", ["Pull", "Draw", "Force"], ["He turned the handle and jerked the door open"]]}, "ANTONYMS": [], "SYNONYMS": ["Northerner", "Jerk", "Yankee-doodle", "Yank", "Yankee"]}, "YANKED": {"MEANINGS": {}, "ANTONYMS": [], "SYNONYMS": ["Jerk", "Yank"]}, "YANKEE": {"MEANINGS": {"1": ["Adjective", "used by Southerners for an inhabitant of a northern state in the United States (especially a Union soldier)", [], []], "3": ["Noun", "an American (especially to non-Americans)", ["American"], []]}, "ANTONYMS": [], "SYNONYMS": ["Northerner", "Yankee-doodle", "New englander", "Yank", "Yankee"]}, "YANKEE-DOODLE": {"MEANINGS": {}, "ANTONYMS": [], "SYNONYMS": ["Yankee", "Yank", "Yankee-doodle"]}, "YANKEES": {"MEANINGS": {}, "ANTONYMS": [], "SYNONYMS": ["Northerner", "Yankee-doodle", "New englander", "Yank", "Yankee"]}, "YANKER": {"MEANINGS": {"1": ["Noun", "someone who gives a strong sudden pull", ["Puller"], []]}, "ANTONYMS": [], "SYNONYMS": ["Yanker", "Jerker"]}, "YANKING": {"MEANINGS": {}, "ANTONYMS": [], "SYNONYMS": ["Jerk", "Yank"]}, "YANKS": {"MEANINGS": {}, "ANTONYMS": [], "SYNONYMS": ["Northerner", "Jerk", "Yankee-doodle", "Yank", "Yankee"]}, "YAOUNDE": {"MEANINGS": {"1": ["Noun", "the capital of Cameroon", [], []]}, "ANTONYMS": [], "SYNONYMS": ["Yaounde", "Capital of cameroon"]}, "YAP": {"MEANINGS": {}, "ANTONYMS": [], "SYNONYMS": ["Cakehole", "Yap", "Trap", "Yip", "Gob"]}, "YAPPED": {"MEANINGS": {}, "ANTONYMS": [], "SYNONYMS": ["Yip", "Yap", "Yelp"]}, "YAPPING": {"MEANINGS": {}, "ANTONYMS": [], "SYNONYMS": ["Yip", "Yap", "Yelp"]}, "YAPS": {"MEANINGS": {}, "ANTONYMS": [], "SYNONYMS": ["Cakehole", "Yap", "Trap", "Yip", "Gob"]}, "YARD": {"MEANINGS": {"1": ["Noun", "a unit of length equal to 3 feet; defined as 91.44 centimeters; originally taken to be the average length of a stride", ["Linear unit", "Linear measure"], []], "2": ["Noun", "the enclosed land around a house or other building", ["Field"], ["it was a small house with almost no yard"]], "3": ["Noun", "a tract of land enclosed for particular activities (sometimes paved and usually associated with buildings)", ["Tract", "Piece of land", "Piece of ground", "Parcel of land", "Parcel"], ["they opened a repair yard on the edge of town"]], "6": ["Noun", "a tract of land where logs are accumulated", ["Tract", "Piece of land", "Piece of ground", "Parcel of land", "Parcel"], []], "7": ["Noun", "an area having a network of railway tracks and sidings for storage and maintenance of cars and engines", ["Tract", "Piece of land", "Piece of ground", "Parcel of land", "Parcel"], []], "8": ["Noun", "a long horizontal spar tapered at the end and used to support and spread a square sail or lateen", ["Spar"], []], "9": ["Noun", "an enclosure for animals (as chicken or livestock)", ["Enclosure"], []]}, "ANTONYMS": [], "SYNONYMS": ["1000", "K", "Railway yard", "Cubic yard", "Curtilage"]}, "YARDAGE": {"MEANINGS": {"1": ["Noun", "distance measured in the aggregate number of yards", ["Distance"], ["what is the yardage of this golf course?"]]}, "ANTONYMS": [], "SYNONYMS": ["Yardage"]}, "YARDAGES": {"MEANINGS": {}, "ANTONYMS": [], "SYNONYMS": ["Yardage"]}, "YARDARM": {"MEANINGS": {"1": ["Noun", "either end of the yard of a square-rigged ship", ["End", "Terminal"], []]}, "ANTONYMS": [], "SYNONYMS": ["Yardarm"]}, "YARDARMS": {"MEANINGS": {}, "ANTONYMS": [], "SYNONYMS": ["Yardarm"]}, "YARDBIRD": {"MEANINGS": {}, "ANTONYMS": [], "SYNONYMS": ["Yard bird", "Inmate", "Convict", "Con", "Yardbird"]}, "YARDBIRDS": {"MEANINGS": {}, "ANTONYMS": [], "SYNONYMS": ["Yard bird", "Inmate", "Convict", "Con", "Yardbird"]}, "YARDER": {"MEANINGS": {"1": ["Noun", "(used only in combinations) the height or length of something in yards", ["Linear unit", "Linear measure"], ["the golfer hit a 300-yarder to the green"]], "2": ["Noun", "a winch (or system of winches) powered by an engine and used to haul logs from a stump to a landing or to a skid road", ["Winch", "Windlass"], []]}, "ANTONYMS": [], "SYNONYMS": ["Yard donkey", "Yarder"]}, "YARDGRASS": {"MEANINGS": {"1": ["Noun", "coarse annual grass having fingerlike spikes of flowers; native to Old World tropics; a naturalized weed elsewhere", ["Millet"], []]}, "ANTONYMS": [], "SYNONYMS": ["Eleusine indica", "Yardgrass", "Wire grass", "Goose grass", "Yard grass"]}, "YARDMAN": {"MEANINGS": {"1": ["Noun", "worker in a railway yard", ["Trainman", "Railroader", "Railroad man", "Railwayman", "Railway man"], []], "2": ["Noun", "a laborer hired to do outdoor work (such as mowing lawns)", ["Laborer", "Manual laborer", "Labourer", "Jack"], []]}, "ANTONYMS": [], "SYNONYMS": ["Yardman"]}, "YARDMASTER": {"MEANINGS": {"1": ["Noun", "a railroad employer who is in charge of a railway yard", ["Dispatcher", "Trainman", "Railroader", "Railroad man", "Railwayman", "Railway man"], []]}, "ANTONYMS": [], "SYNONYMS": ["Trainmaster", "Train dispatcher", "Yardmaster"]}, "YARDMASTERS": {"MEANINGS": {}, "ANTONYMS": [], "SYNONYMS": ["Trainmaster", "Train dispatcher", "Yardmaster"]}, "YARDMEN": {"MEANINGS": {}, "ANTONYMS": [], "SYNONYMS": ["Yardman"]}, "YARDS": {"MEANINGS": {}, "ANTONYMS": [], "SYNONYMS": ["1000", "K", "Railway yard", "Cubic yard", "Curtilage"]}, "YARDSTICK": {"MEANINGS": {"1": ["Noun", "a measure or standard used for comparison", ["Standard", "Criterion", "Measure", "Touchstone"], ["on what kind of yardstick is he basing his judgment?"]], "2": ["Noun", "a ruler or tape that is three feet long", ["Rule", "Ruler"], []]}, "ANTONYMS": [], "SYNONYMS": ["Yardstick", "Yard measure"]}, "YARDSTICKS": {"MEANINGS": {}, "ANTONYMS": [], "SYNONYMS": ["Yardstick", "Yard measure"]}, "YARMELKE": {"MEANINGS": {}, "ANTONYMS": [], "SYNONYMS": ["Yarmulke", "Yarmelke", "Yarmulka"]}, "YARMELKES": {"MEANINGS": {}, "ANTONYMS": [], "SYNONYMS": ["Yarmulke", "Yarmelke", "Yarmulka"]}, "YARMULKA": {"MEANINGS": {}, "ANTONYMS": [], "SYNONYMS": ["Yarmulke", "Yarmelke", "Yarmulka"]}, "YARMULKE": {"MEANINGS": {"1": ["Noun", "a skullcap worn by religious Jews (especially at prayer)", ["Skullcap"], []]}, "ANTONYMS": [], "SYNONYMS": ["Yarmulke", "Yarmelke", "Yarmulka"]}, "YARMULKES": {"MEANINGS": {}, "ANTONYMS": [], "SYNONYMS": ["Yarmulke", "Yarmelke", "Yarmulka"]}, "YARN": {"MEANINGS": {"1": ["Verb", "tell or spin a yarn", ["Tell", "Narrate", "Recount", "Recite"], []]}, "ANTONYMS": [], "SYNONYMS": ["Recital", "Thread", "Narration", "Yarn"]}, "YARN-DYE": {"MEANINGS": {}, "ANTONYMS": [], "SYNONYMS": ["Yarn-dye", "Impress"]}, "YARN-DYED": {"MEANINGS": {}, "ANTONYMS": [], "SYNONYMS": ["Yarn-dye", "Impress"]}, "YARNED": {"MEANINGS": {}, "ANTONYMS": [], "SYNONYMS": ["Yarn"]}, "YARNING": {"MEANINGS": {}, "ANTONYMS": [], "SYNONYMS": ["Yarn"]}, "YARNS": {"MEANINGS": {}, "ANTONYMS": [], "SYNONYMS": ["Recital", "Thread", "Narration", "Yarn"]}, "YARN-SPINNING": {"MEANINGS": {"1": ["Adjective", "inclined to tell long and involved stories (often of incredible happenings)", [], []]}, "ANTONYMS": [], "SYNONYMS": ["Yarn-spinning"]}, "YARROW": {"MEANINGS": {"1": ["Noun", "ubiquitous strong-scented mat-forming Eurasian herb of wasteland, hedgerow or pasture having narrow serrate leaves and small usually white florets; widely naturalized in North America", ["Achillea"], []]}, "ANTONYMS": [], "SYNONYMS": ["Milfoil", "Yarrow", "Achillea millefolium"]}, "YARROWS": {"MEANINGS": {}, "ANTONYMS": [], "SYNONYMS": ["Milfoil", "Yarrow", "Achillea millefolium"]}, "YASHMAC": {"MEANINGS": {}, "ANTONYMS": [], "SYNONYMS": ["Yashmak", "Yashmac"]}, "YASHMACS": {"MEANINGS": {}, "ANTONYMS": [], "SYNONYMS": ["Yashmak", "Yashmac"]}, "YASHMAK": {"MEANINGS": {"1": ["Noun", "the face veil worn by Muslim women", ["Head covering", "Veil"], []]}, "ANTONYMS": [], "SYNONYMS": ["Yashmak", "Yashmac"]}, "YASHMAKS": {"MEANINGS": {}, "ANTONYMS": [], "SYNONYMS": ["Yashmak", "Yashmac"]}, "YATAGHAN": {"MEANINGS": {"1": ["Noun", "a long Turkish knife with a curved blade having a single edge", ["Knife"], []]}, "ANTONYMS": [], "SYNONYMS": ["Yataghan"]}, "YATAGHANS": {"MEANINGS": {}, "ANTONYMS": [], "SYNONYMS": ["Yataghan"]}, "YAUP": {"MEANINGS": {}, "ANTONYMS": [], "SYNONYMS": ["Yawl", "Wail", "Ululate", "Yaup", "Roar"]}, "YAUPED": {"MEANINGS": {}, "ANTONYMS": [], "SYNONYMS": ["Yawl", "Wail", "Ululate", "Yaup", "Roar"]}, "YAUPING": {"MEANINGS": {}, "ANTONYMS": [], "SYNONYMS": ["Yawl", "Wail", "Ululate", "Yaup", "Roar"]}, "YAUPS": {"MEANINGS": {}, "ANTONYMS": [], "SYNONYMS": ["Yawl", "Wail", "Ululate", "Yaup", "Roar"]}, "YAUTIA": {"MEANINGS": {"1": ["Noun", "tropical American aroid having edible tubers that are cooked and eaten like yams or potatoes", ["Arum", "Aroid"], []]}, "ANTONYMS": [], "SYNONYMS": ["Tannia", "Spoonflower", "Malanga", "Yautia", "Xanthosoma atrovirens"]}, "YAUTIAS": {"MEANINGS": {}, "ANTONYMS": [], "SYNONYMS": ["Tannia", "Spoonflower", "Malanga", "Yautia", "Xanthosoma atrovirens"]}, "YAVAPAI": {"MEANINGS": {"1": ["Noun", "a member of a North American Indian people of central Arizona", ["Hokan", "Hoka"], []], "2": ["Noun", "the Yuman language spoken by the Yavapai", ["Yuman"], []]}, "ANTONYMS": [], "SYNONYMS": ["Yavapai"]}, "YAW": {"MEANINGS": {"1": ["Noun", "an erratic deflection from an intended course", ["Turning", "Turn"], []], "2": ["Verb", "deviate erratically from a set course", ["Deviate", "Divert"], ["the yawing motion of the ship"]], "3": ["Verb", "swerve off course momentarily", ["Swerve", "Sheer", "Curve", "Trend", "Veer", "Slue", "Slew", "Cut"], ["the ship yawed when the huge waves hit it"]]}, "ANTONYMS": [], "SYNONYMS": ["Gape", "Yawn", "Yaw", "Swerve"]}, "YAWED": {"MEANINGS": {}, "ANTONYMS": [], "SYNONYMS": ["Gape", "Yawn", "Yaw"]}, "YAWING": {"MEANINGS": {}, "ANTONYMS": [], "SYNONYMS": ["Gape", "Yawn", "Yaw"]}, "YAWL": {"MEANINGS": {"1": ["Noun", "a ship's small boat (usually rowed by 4 or 6 oars)", ["Small boat"], []], "2": ["Noun", "a sailing vessel with two masts; a small mizzen is aft of the rudderpost", ["Sailing vessel", "Sailing ship"], []]}, "ANTONYMS": [], "SYNONYMS": ["Dandy", "Yawl", "Wail", "Ululate", "Yaup"]}, "YAWLED": {"MEANINGS": {}, "ANTONYMS": [], "SYNONYMS": ["Yawl", "Wail", "Ululate", "Yaup", "Roar"]}, "YAWLING": {"MEANINGS": {}, "ANTONYMS": [], "SYNONYMS": ["Yawl", "Wail", "Ululate", "Yaup", "Roar"]}, "YAWLS": {"MEANINGS": {}, "ANTONYMS": [], "SYNONYMS": ["Dandy", "Yawl", "Wail", "Ululate", "Yaup"]}, "YAWN": {"MEANINGS": {"1": ["Verb", "utter a yawn, as from lack of oxygen or when one is tired", ["Breathe", "Take a breath", "Respire", "Suspire"], ["The child yawned during the long performance"]]}, "ANTONYMS": [], "SYNONYMS": ["Yawn", "Oscitance", "Oscitancy", "Gape", "Yaw"]}, "YAWNED": {"MEANINGS": {}, "ANTONYMS": [], "SYNONYMS": ["Gape", "Yawn", "Yaw"]}, "YAWNER": {"MEANINGS": {"1": ["Noun", "a person who yawns", ["Person", "Individual", "Someone", "Somebody", "Mortal", "Soul"], []]}, "ANTONYMS": [], "SYNONYMS": ["Yawner"]}, "YAWNERS": {"MEANINGS": {}, "ANTONYMS": [], "SYNONYMS": ["Yawner"]}, "YAWNING": {"MEANINGS": {"1": ["Adjective", "gaping open as if threatening to engulf someone or something", [], ["the yawning mine shaft", "a yawning abyss"]], "2": ["Adjective", "with the mouth wide open indicating boredom or sleepiness", [], ["a yawning congregation"]]}, "ANTONYMS": [], "SYNONYMS": ["Drowsy", "Oscitant", "Yawn", "Oscitance", "Oscitancy"]}, "YAWNS": {"MEANINGS": {}, "ANTONYMS": [], "SYNONYMS": ["Yawn", "Oscitance", "Oscitancy", "Gape", "Yaw"]}, "YAWP": {"MEANINGS": {"1": ["Verb", "make a raucous noise", ["Roar", "Howl"], []]}, "ANTONYMS": [], "SYNONYMS": ["Yawp", "Bawl", "Whine", "Yammer", "Grizzle"]}, "YAWPED": {"MEANINGS": {}, "ANTONYMS": [], "SYNONYMS": ["Yawp", "Bawl", "Whine", "Yammer", "Grizzle"]}, "YAWPING": {"MEANINGS": {}, "ANTONYMS": [], "SYNONYMS": ["Yawp", "Bawl", "Whine", "Yammer", "Grizzle"]}, "YAWPINGS": {"MEANINGS": {}, "ANTONYMS": [], "SYNONYMS": ["Yawp", "Bawl", "Whine", "Yammer", "Grizzle"]}, "YAWPS": {"MEANINGS": {}, "ANTONYMS": [], "SYNONYMS": ["Yawp", "Bawl", "Whine", "Yammer", "Grizzle"]}, "YAWS": {"MEANINGS": {"1": ["Noun", "an infectious tropical disease resembling syphilis in its early stages; marked by red skin eruptions and ulcerating lesions", ["Infectious disease"], []]}, "ANTONYMS": [], "SYNONYMS": ["Frambesia", "Yaws", "Yawn", "Gape", "Yaw"]}, "Y-AXIS": {"MEANINGS": {"1": ["Noun", "the vertical axis in a plane coordinate system", ["Coordinate axis"], []]}, "ANTONYMS": [], "SYNONYMS": ["Y-axis"]}, "YAZOO": {"MEANINGS": {"1": ["Noun", "a river that rises in west central Mississippi and flows southwest to empty into the Mississippi River above Vicksburg", [], []]}, "ANTONYMS": [], "SYNONYMS": ["Yazoo river", "Yazoo"]}, "YB": {"MEANINGS": {}, "ANTONYMS": [], "SYNONYMS": ["Yottabit", "Yobibyte", "Yib", "Ytterbium", "Atomic number 70"]}, "YEA": {"MEANINGS": {"1": ["Adverb", "not only so, but", [], ["I therein do rejoice, yea, and will rejoice"]]}, "ANTONYMS": ["nay"], "SYNONYMS": ["Yeah", "Yea"]}, "YEAH": {"MEANINGS": {}, "ANTONYMS": [], "SYNONYMS": ["Yeah", "Yea"]}, "YEAR": {"MEANINGS": {"1": ["Noun", "a period of time containing 365 (or 366) days", ["Time period", "Period of time", "Period"], ["she is 4 years old", "in the year 1920"]], "2": ["Noun", "a period of time occupying a regular part of a calendar year that is used for some particular activity", ["Time period", "Period of time", "Period"], ["a school year"]], "3": ["Noun", "the period of time that it takes for a planet (as, e.g., Earth or Mars) to make a complete revolution around the sun", ["Time period", "Period of time", "Period"], ["a Martian year takes 687 of our days"]]}, "ANTONYMS": [], "SYNONYMS": ["Class", "Year", "Yr", "Twelvemonth"]}, "YEAR-AROUND": {"MEANINGS": {}, "ANTONYMS": ["seasonal"], "SYNONYMS": ["Year-round", "Year-around"]}, "YEARBOOK": {"MEANINGS": {"1": ["Noun", "a book published annually by the graduating class of a high school or college usually containing photographs of faculty and graduating students", ["Book"], []]}, "ANTONYMS": [], "SYNONYMS": ["Yearbook", "Yearly", "Annual"]}, "YEARBOOKS": {"MEANINGS": {}, "ANTONYMS": [], "SYNONYMS": ["Yearbook", "Yearly", "Annual"]}, "YEAR-END": {"MEANINGS": {"1": ["Adjective", "taking place at the close of a fiscal year", [], ["year-end audit"]]}, "ANTONYMS": [], "SYNONYMS": ["Year-end"]}, "YEARLY": {"MEANINGS": {}, "ANTONYMS": [], "SYNONYMS": ["Yearly", "Yearbook", "Every year", "Annually", "Annual"]}, "YEARLIES": {"MEANINGS": {}, "ANTONYMS": [], "SYNONYMS": ["Yearbook", "Yearly", "Annual"]}, "YEARLING": {"MEANINGS": {"2": ["Noun", "a racehorse considered one year old until the second Jan. 1 following its birth", ["Racehorse", "Race horse", "Bangtail"], []], "3": ["Noun", "an animal in its second year", ["Placental", "Placental mammal", "Eutherian", "Eutherian mammal"], []]}, "ANTONYMS": [], "SYNONYMS": ["Yearling", "Tot", "Bambino", "Toddler"]}, "YEARLINGS": {"MEANINGS": {}, "ANTONYMS": [], "SYNONYMS": ["Yearling", "Tot", "Bambino", "Toddler"]}, "YEARLONG": {"MEANINGS": {"1": ["Adjective", "lasting through a year", [], ["attending yearlong courses"]]}, "ANTONYMS": [], "SYNONYMS": ["Yearlong"]}, "YEARN": {"MEANINGS": {"3": ["Verb", "have affection for; feel tenderness for", ["Care for", "Cherish", "Hold dear", "Treasure"], []]}, "ANTONYMS": [], "SYNONYMS": ["Long", "Yen", "Pine", "Yearn", "Languish"]}, "YEARNED": {"MEANINGS": {}, "ANTONYMS": [], "SYNONYMS": ["Long", "Yen", "Pine", "Yearn", "Languish"]}, "YEARNER": {"MEANINGS": {}, "ANTONYMS": [], "SYNONYMS": ["Longer", "Yearner", "Thirster"]}, "YEARNERS": {"MEANINGS": {}, "ANTONYMS": [], "SYNONYMS": ["Longer", "Yearner", "Thirster"]}, "YEARNING": {"MEANINGS": {}, "ANTONYMS": [], "SYNONYMS": ["Long", "Yen", "Pine", "Yearn", "Hungriness"]}, "YEARNINGLY": {"MEANINGS": {}, "ANTONYMS": [], "SYNONYMS": ["Longingly", "Yearningly"]}, "YEARNINGS": {"MEANINGS": {}, "ANTONYMS": [], "SYNONYMS": ["Long", "Yen", "Pine", "Yearn", "Hungriness"]}, "YEARNS": {"MEANINGS": {}, "ANTONYMS": [], "SYNONYMS": ["Long", "Yen", "Pine", "Yearn", "Languish"]}, "YEAR-ROUND": {"MEANINGS": {"1": ["Adjective", "operating or continuing throughout the year", [], ["a year-round resort", "a year-round job"]]}, "ANTONYMS": ["seasonal"], "SYNONYMS": ["Year-round", "Year-around"]}, "YEARS": {"MEANINGS": {}, "ANTONYMS": [], "SYNONYMS": ["Geezerhood", "Class", "Year", "Yr", "Age"]}, "YEAS": {"MEANINGS": {}, "ANTONYMS": ["nay"], "SYNONYMS": ["Yea"]}, "YEAST": {"MEANINGS": {"1": ["Noun", "a commercial leavening agent containing yeast cells; used to raise the dough in making bread and for fermenting beer or whiskey", ["Leaven", "Leavening"], []], "2": ["Noun", "any of various single-celled fungi that reproduce asexually by budding or division", ["Fungus"], []]}, "ANTONYMS": [], "SYNONYMS": ["Barm", "Yeast"]}, "YEASTY": {"MEANINGS": {"1": ["Adjective", "of or resembling or containing yeast", [], []], "3": ["Adjective", "exuberantly creative", [], []]}, "ANTONYMS": [], "SYNONYMS": ["Zestful", "Yeastlike", "Yeasty", "Zesty", "Barmy"]}, "YEASTIER": {"MEANINGS": {}, "ANTONYMS": [], "SYNONYMS": ["Zestful", "Yeastlike", "Yeasty", "Zesty", "Barmy"]}, "YEASTIEST": {"MEANINGS": {}, "ANTONYMS": [], "SYNONYMS": ["Zestful", "Yeastlike", "Yeasty", "Zesty", "Barmy"]}, "YEASTLIKE": {"MEANINGS": {}, "ANTONYMS": [], "SYNONYMS": ["Yeasty", "Yeastlike"]}, "YEASTS": {"MEANINGS": {}, "ANTONYMS": [], "SYNONYMS": ["Barm", "Yeast"]}, "YEATS": {"MEANINGS": {"1": ["Noun", "Irish poet and dramatist (1865-1939)", [], []]}, "ANTONYMS": [], "SYNONYMS": ["William butler yeats", "W. b. yeats", "Yeats"]}, "YEATSIAN": {"MEANINGS": {"1": ["Adjective", "in the manner of William Butler Yeats", [], []]}, "ANTONYMS": [], "SYNONYMS": ["Yeatsian"]}, "YEDO": {"MEANINGS": {}, "ANTONYMS": [], "SYNONYMS": ["Yeddo", "Tokio", "Capital of japan", "Tokyo", "Edo"]}, "YEKATERINOSLAV": {"MEANINGS": {}, "ANTONYMS": [], "SYNONYMS": ["Dnipropetrovsk", "Yekaterinoslav"]}, "YELL": {"MEANINGS": {"2": ["Verb", "utter or declare in a very loud voice", ["Shout"], ["You don't have to yell--I can hear you just fine"]]}, "ANTONYMS": [], "SYNONYMS": ["Outcry", "Yell", "Shout", "Hollo", "Vociferation"]}, "YELLED": {"MEANINGS": {}, "ANTONYMS": [], "SYNONYMS": ["Shout", "Yell", "Hollo", "Shouted", "Yelled"]}, "YELLER": {"MEANINGS": {}, "ANTONYMS": [], "SYNONYMS": ["Yeller", "Screecher", "Shouter", "Roarer", "Bawler"]}, "YELLERS": {"MEANINGS": {}, "ANTONYMS": [], "SYNONYMS": ["Yeller", "Screecher", "Shouter", "Roarer", "Bawler"]}, "YELLING": {"MEANINGS": {"1": ["Noun", "uttering a loud inarticulate cry as of pain or excitement", ["Cry", "Outcry", "Call", "Yell", "Shout", "Vociferation"], []]}, "ANTONYMS": [], "SYNONYMS": ["Shout", "Yell", "Hollo", "Shout out", "Call"]}, "YELLOW": {"MEANINGS": {"1": ["Adjective", "of the color intermediate between green and orange in the color spectrum; of something resembling the color of an egg yolk", [], []], "3": ["Adjective", "changed to a yellowish color by age", [], ["yellowed parchment"]], "5": ["Adjective", "cowardly or treacherous", [], ["the little yellow stain of treason\"-M.W.Straight", "too yellow to stand and fight"]]}, "ANTONYMS": [], "SYNONYMS": ["Chicken", "Lily-livered", "Yellow", "White-livered", "Sensationalistic"]}, "YELLOW-BANDED": {"MEANINGS": {"1": ["Adjective", "having yellow bands", [], []]}, "ANTONYMS": [], "SYNONYMS": ["Yellow-banded"]}, "YELLOW-BELLIED": {"MEANINGS": {}, "ANTONYMS": [], "SYNONYMS": ["Chicken", "Lily-livered", "Yellow", "White-livered", "Yellow-bellied"]}, "YELLOWBIRD": {"MEANINGS": {}, "ANTONYMS": [], "SYNONYMS": ["New world goldfinch", "Golden warbler", "Yellow warbler", "Yellowbird", "Dendroica petechia"]}, "YELLOW-BROWN": {"MEANINGS": {}, "ANTONYMS": [], "SYNONYMS": ["Yellow-brown", "Amber", "Brownish-yellow"]}, "YELLOWCAKE": {"MEANINGS": {"1": ["Noun", "an impure mixture of uranium oxides obtained during the processing of uranium ore", ["Compound", "Chemical compound"], []]}, "ANTONYMS": [], "SYNONYMS": ["Yellowcake", "U308"]}, "YELLOWED": {"MEANINGS": {}, "ANTONYMS": [], "SYNONYMS": ["Yellowed", "Yellow"]}, "YELLOWER": {"MEANINGS": {}, "ANTONYMS": [], "SYNONYMS": ["Chicken", "Lily-livered", "Yellow", "White-livered", "Sensationalistic"]}, "YELLOWEST": {"MEANINGS": {}, "ANTONYMS": [], "SYNONYMS": ["Chicken", "Lily-livered", "Yellow", "White-livered", "Sensationalistic"]}, "YELLOWFIN": {"MEANINGS": {"1": ["Noun", "may reach 400 pounds; worldwide in tropics", ["Tuna", "Tunny"], []]}, "ANTONYMS": [], "SYNONYMS": ["Yellowfin", "Thunnus albacares", "Yellowfin tuna"]}, "YELLOW-GREEN": {"MEANINGS": {"1": ["Adjective", "of a color midway between yellow and green", [], []]}, "ANTONYMS": [], "SYNONYMS": ["Yellow-green"]}, "YELLOWHAMMER": {"MEANINGS": {"2": ["Noun", "European bunting the male being bright yellow", ["Bunting"], []]}, "ANTONYMS": [], "SYNONYMS": ["Emberiza citrinella", "Yellow-shafted flicker", "Yellowhammer", "Colaptes auratus", "Yellow bunting"]}, "YELLOWING": {"MEANINGS": {}, "ANTONYMS": [], "SYNONYMS": ["Yellow"]}, "YELLOWISH": {"MEANINGS": {}, "ANTONYMS": [], "SYNONYMS": ["Yellow", "Xanthous", "Yellowish"]}, "YELLOWISH-GRAY": {"MEANINGS": {}, "ANTONYMS": [], "SYNONYMS": ["Yellow-gray", "Yellowish-grey", "Yellow-grey", "Yellowish-gray"]}, "YELLOWISH-ORANGE": {"MEANINGS": {}, "ANTONYMS": [], "SYNONYMS": ["Yellowish-orange", "Yellow-orange"]}, "YELLOWISH-WHITE": {"MEANINGS": {}, "ANTONYMS": [], "SYNONYMS": ["Yellow-white", "Yellowish-white"]}, "YELLOWKNIFE": {"MEANINGS": {"1": ["Noun", "a town in the Northwest Territories in northern Canada on the Great Slave Lake", [], []]}, "ANTONYMS": [], "SYNONYMS": ["Yellowknife"]}, "YELLOWLEGS": {"MEANINGS": {"1": ["Noun", "either of two North American shorebird with yellow legs", ["Sandpiper"], []]}, "ANTONYMS": [], "SYNONYMS": ["Yellowlegs"]}, "YELLOW-MARKED": {"MEANINGS": {"1": ["Adjective", "having yellow marks", [], []]}, "ANTONYMS": [], "SYNONYMS": ["Yellow-marked"]}, "YELLOWNESS": {"MEANINGS": {}, "ANTONYMS": [], "SYNONYMS": ["Yellowness", "Yellow"]}, "YELLOW-ORANGE": {"MEANINGS": {"1": ["Adjective", "of orange tinged with yellow", [], []]}, "ANTONYMS": [], "SYNONYMS": ["Yellowish-orange", "Yellow-orange"]}, "YELLOWS": {"MEANINGS": {}, "ANTONYMS": [], "SYNONYMS": ["Yellowness", "Yellow"]}, "YELLOW-SPOTTED": {"MEANINGS": {"1": ["Adjective", "having yellow spots", [], []]}, "ANTONYMS": [], "SYNONYMS": ["Yellow-spotted"]}, "YELLOWSTONE": {"MEANINGS": {"1": ["Noun", "a tributary of the Missouri River that flows through the Yellowstone National Park", [], []]}, "ANTONYMS": [], "SYNONYMS": ["Yellowstone", "Yellowstone river"]}, "YELLOW-STRIPED": {"MEANINGS": {"1": ["Adjective", "having yellow stripes", [], []]}, "ANTONYMS": [], "SYNONYMS": ["Yellow-striped"]}, "YELLOWTAIL": {"MEANINGS": {"1": ["Noun", "superior food fish of the tropical Atlantic and Caribbean with broad yellow stripe along the sides and on the tail", ["Snapper"], []], "2": ["Noun", "game fish of southern California and Mexico having a yellow tail fin", ["Jack"], []]}, "ANTONYMS": [], "SYNONYMS": ["Yellowtail snapper", "Ocyurus chrysurus", "Seriola dorsalis", "Yellowtail"]}, "YELLOWTAILS": {"MEANINGS": {}, "ANTONYMS": [], "SYNONYMS": ["Yellowtail snapper", "Ocyurus chrysurus", "Seriola dorsalis", "Yellowtail"]}, "YELLOWTHROAT": {"MEANINGS": {"1": ["Noun", "small olive-colored American warblers with yellow breast and throat", ["New world warbler", "Wood warbler"], []]}, "ANTONYMS": [], "SYNONYMS": ["Yellowthroat"]}, "YELLOW-TINGED": {"MEANINGS": {"1": ["Adjective", "of a color tinged with yellow", [], []]}, "ANTONYMS": [], "SYNONYMS": ["Yellow-tinged"]}, "YELLOW-TIPPED": {"MEANINGS": {"1": ["Adjective", "of a flower tipped with yellow", [], []]}, "ANTONYMS": [], "SYNONYMS": ["Yellow-tipped"]}, "YELLOW-WHITE": {"MEANINGS": {"1": ["Adjective", "of a white tinged with yellow", [], []]}, "ANTONYMS": [], "SYNONYMS": ["Yellow-white", "Yellowish-white"]}, "YELLOWWOOD": {"MEANINGS": {"1": ["Noun", "the yellow wood of any of various yellowwood trees", ["Wood"], []], "2": ["Noun", "any of various trees having yellowish wood or yielding a yellow extract", ["Tree"], []]}, "ANTONYMS": [], "SYNONYMS": ["Yellowwood", "Yellowwood tree"]}, "YELLS": {"MEANINGS": {}, "ANTONYMS": [], "SYNONYMS": ["Outcry", "Yell", "Shout", "Hollo", "Vociferation"]}, "YELP": {"MEANINGS": {"1": ["Verb", "bark in a high-pitched tone", ["Bark"], ["the puppies yelped"]]}, "ANTONYMS": [], "SYNONYMS": ["Yelping", "Yip", "Yap", "Yelp"]}, "YELPED": {"MEANINGS": {}, "ANTONYMS": [], "SYNONYMS": ["Yip", "Yap", "Yelp"]}, "YELPING": {"MEANINGS": {}, "ANTONYMS": [], "SYNONYMS": ["Yelping", "Yip", "Yap", "Yelp"]}, "YELPS": {"MEANINGS": {}, "ANTONYMS": [], "SYNONYMS": ["Yelping", "Yip", "Yap", "Yelp"]}, "YEMEN": {"MEANINGS": {"1": ["Noun", "a republic on the southwestern shores of the Arabian Peninsula on the Indian Ocean; formed in 1990", [], []]}, "ANTONYMS": [], "SYNONYMS": ["Yemen", "Republic of yemen"]}, "YEMENI": {"MEANINGS": {"1": ["Adjective", "of or relating to or characteristic of Yemen or its inhabitants", [], ["Yemeni mountains"]]}, "ANTONYMS": [], "SYNONYMS": ["Yemeni"]}, "YEN": {"MEANINGS": {"2": ["Noun", "the basic unit of money in Japan; equal to 100 sen", ["Japanese monetary unit"], []]}, "ANTONYMS": [], "SYNONYMS": ["Yen", "Pine", "Yearn", "Languish", "Hankering"]}, "YENISEI": {"MEANINGS": {"1": ["Noun", "a Russian river in Siberia; rises in mountains near the Mongolian border and flows generally northward into the Kara Sea", [], []]}, "ANTONYMS": [], "SYNONYMS": ["Yenisey river", "Yenisei", "Yeniseian", "Enets", "Yenisei-samoyed"]}, "YENISEIAN": {"MEANINGS": {"1": ["Noun", "a member of one of the groups living in the Yenisei river valley in western Siberia", ["Russian"], []]}, "ANTONYMS": [], "SYNONYMS": ["Yenisei", "Yeniseian", "Enets", "Yenisei-samoyed", "Entsi"]}, "YENNED": {"MEANINGS": {}, "ANTONYMS": [], "SYNONYMS": ["Yen", "Pine", "Yearn", "Languish", "Ache"]}, "YENNING": {"MEANINGS": {}, "ANTONYMS": [], "SYNONYMS": ["Yen", "Pine", "Yearn", "Languish", "Ache"]}, "YENS": {"MEANINGS": {}, "ANTONYMS": [], "SYNONYMS": ["Yen", "Pine", "Yearn", "Languish", "Hankering"]}, "YENTA": {"MEANINGS": {"1": ["Noun", "(Yiddish) a vulgar shrew; a shallow coarse termagant", ["Shrew", "Termagant"], []], "2": ["Noun", "(Yiddish) a woman who talks too much; a gossip unable to keep a secret; a woman who spreads rumors and scandal", ["Gossip", "Gossiper", "Gossipmonger", "Rumormonger", "Rumourmonger", "Newsmonger"], []]}, "ANTONYMS": [], "SYNONYMS": ["Yenta"]}, "YENTAS": {"MEANINGS": {}, "ANTONYMS": [], "SYNONYMS": ["Yenta"]}, "YEOMAN": {"MEANINGS": {"1": ["Noun", "officer in the (ceremonial) bodyguard of the British monarch", ["Bodyguard", "Escort"], []], "2": ["Noun", "in former times was free and cultivated his own land", ["Freeholder"], []]}, "ANTONYMS": [], "SYNONYMS": ["Beefeater", "Yeoman of the guard", "Yeoman"]}, "YEOMANRY": {"MEANINGS": {"1": ["Noun", "class of small freeholders who cultivated their own land", ["Class", "Stratum", "Social class", "Socio-economic class"], []], "2": ["Noun", "a British volunteer cavalry force organized in 1761 for home defense later incorporated into the Territorial Army", ["Home guard"], []]}, "ANTONYMS": [], "SYNONYMS": ["Yeomanry"]}, "YEOMANRIES": {"MEANINGS": {}, "ANTONYMS": [], "SYNONYMS": ["Yeomanry"]}, "YEOMEN": {"MEANINGS": {}, "ANTONYMS": [], "SYNONYMS": ["Beefeater", "Yeoman of the guard", "Yeoman"]}, "YEREVAN": {"MEANINGS": {"1": ["Noun", "capital of Armenia", [], []]}, "ANTONYMS": [], "SYNONYMS": ["Capital of armenia", "Yerevan", "Jerevan", "Erivan"]}, "YERKES": {"MEANINGS": {"1": ["Noun", "United States psychologist who studied the intelligence of primates (1876-1956)", [], []]}, "ANTONYMS": [], "SYNONYMS": ["Robert mearns yerkes", "Yerkes", "Robert m. yerkes"]}, "YERWA-MAIDUGURI": {"MEANINGS": {}, "ANTONYMS": [], "SYNONYMS": ["Yerwa-maiduguri", "Maiduguri"]}, "YES": {"MEANINGS": {"1": ["Noun", "an affirmative", ["Affirmative"], ["I was hoping for a yes"]]}, "ANTONYMS": ["no"], "SYNONYMS": ["Yes"]}, "YESES": {"MEANINGS": {}, "ANTONYMS": ["no"], "SYNONYMS": ["Yes"]}, "YESHIVA": {"MEANINGS": {"1": ["Noun", "an academy for the advanced study of Jewish texts (primarily the Talmud)", ["Academy"], []]}, "ANTONYMS": [], "SYNONYMS": ["Yeshiva", "Yeshivah"]}, "YESHIVAH": {"MEANINGS": {}, "ANTONYMS": [], "SYNONYMS": ["Yeshiva", "Yeshivah"]}, "YESHIVAHS": {"MEANINGS": {}, "ANTONYMS": [], "SYNONYMS": ["Yeshiva", "Yeshivah"]}, "YESHIVAS": {"MEANINGS": {}, "ANTONYMS": [], "SYNONYMS": ["Yeshiva", "Yeshivah"]}, "YESHIVOTH": {"MEANINGS": {}, "ANTONYMS": [], "SYNONYMS": ["Yeshiva", "Yeshivah"]}, "YES-MAN": {"MEANINGS": {}, "ANTONYMS": [], "SYNONYMS": ["Flunkey", "Stooge", "Flunky", "Yes-man"]}, "YESSES": {"MEANINGS": {}, "ANTONYMS": ["no"], "SYNONYMS": ["Yes"]}, "YESTERDAY": {"MEANINGS": {"1": ["Adverb", "on the day preceding today", [], ["yesterday the weather was beautiful"]], "2": ["Adverb", "in the recent past; only a short time ago", [], ["I was not born yesterday!"]]}, "ANTONYMS": [], "SYNONYMS": ["Yesterday"]}, "YESTERDAYS": {"MEANINGS": {}, "ANTONYMS": [], "SYNONYMS": ["Yesterday"]}, "YESTERYEAR": {"MEANINGS": {}, "ANTONYMS": ["future"], "SYNONYMS": ["Yesteryear", "Past times", "Past"]}, "YESTERYEARS": {"MEANINGS": {}, "ANTONYMS": ["future"], "SYNONYMS": ["Yesteryear", "Past times", "Past"]}, "YET": {"MEANINGS": {"1": ["Adverb", "up to the present time", [], ["I have yet to see the results", "details are yet to be worked out"]], "4": ["Adverb", "within an indefinite time or at an unspecified future time", [], ["he longed for the flowers that were yet to show themselves", "sooner or later you will have to face the facts", "in time they came to accept the harsh reality"]]}, "ANTONYMS": [], "SYNONYMS": ["So far", "All the same", "Even so", "Up to now", "Even"]}, "YETI": {"MEANINGS": {}, "ANTONYMS": [], "SYNONYMS": ["Abominable snowman", "Yeti"]}, "YETIS": {"MEANINGS": {}, "ANTONYMS": [], "SYNONYMS": ["Abominable snowman", "Yeti"]}, "YEVTUSHENKO": {"MEANINGS": {"1": ["Noun", "Russian poet who expressed the feelings of the post-Stalinist generation (born in 1933)", [], []]}, "ANTONYMS": [], "SYNONYMS": ["Yevgeni yevtushenko", "Yevgeni aleksandrovich yevtushenko", "Yevtushenko"]}, "YEW": {"MEANINGS": {"1": ["Noun", "wood of a yew; especially the durable fine-grained light brown or red wood of the English yew valued for cabinetwork and archery bows", ["Wood"], []], "2": ["Noun", "any of numerous evergreen trees or shrubs having red cup-shaped berries and flattened needlelike leaves", ["Conifer", "Coniferous tree"], []]}, "ANTONYMS": [], "SYNONYMS": ["Yew"]}, "YEWS": {"MEANINGS": {}, "ANTONYMS": [], "SYNONYMS": ["Yew"]}, "YEZO": {"MEANINGS": {}, "ANTONYMS": [], "SYNONYMS": ["Hokkaido", "Ezo", "Yezo"]}, "YGDRASIL": {"MEANINGS": {}, "ANTONYMS": [], "SYNONYMS": ["Ygdrasil", "Yggdrasil"]}, "YGGDRASIL": {"MEANINGS": {"1": ["Noun", "(Norse mythology) a huge ash tree whose roots and branches hold the earth and Heaven and Hell together", [], []]}, "ANTONYMS": [], "SYNONYMS": ["Ygdrasil", "Yggdrasil"]}, "YHVH": {"MEANINGS": {}, "ANTONYMS": [], "SYNONYMS": ["Yahweh", "Yhwh", "Yahveh", "Jahvey", "Yahwe"]}, "YHWH": {"MEANINGS": {}, "ANTONYMS": [], "SYNONYMS": ["Yahweh", "Yhwh", "Yahveh", "Jahvey", "Yahwe"]}, "YI": {"MEANINGS": {}, "ANTONYMS": [], "SYNONYMS": ["Yi", "Lolo"]}, "YID": {"MEANINGS": {}, "ANTONYMS": [], "SYNONYMS": ["Kike", "Hymie", "Yid", "Sheeny"]}, "YIDDISH": {"MEANINGS": {"1": ["Noun", "a dialect of High German including some Hebrew and other words; spoken in Europe as a vernacular by many Jews; written in the Hebrew script", ["German", "High german", "German language"], []]}, "ANTONYMS": [], "SYNONYMS": ["Yiddish"]}, "YIDS": {"MEANINGS": {}, "ANTONYMS": [], "SYNONYMS": ["Kike", "Hymie", "Yid", "Sheeny"]}, "YIELD": {"MEANINGS": {"3": ["Noun", "an amount of a product", ["Product", "Production"], []], "1": ["Verb", "be the cause or source of", ["Supply", "Provide", "Render", "Furnish"], ["He gave me a lot of trouble", "Our meeting afforded much interesting information"]], "5": ["Verb", "give in, as to influence or pressure", [], []], "10": ["Verb", "bring in", ["Gain", "Take in", "Clear", "Make", "Earn", "Realize", "Realise", "Pull in", "Bring in"], ["interest-bearing accounts", "How much does this savings certificate pay annually?"]], "12": ["Verb", "cease opposition; stop fighting", [], []], "13": ["Verb", "consent reluctantly", ["Accept", "Consent", "Go for"], []]}, "ANTONYMS": ["stand", "survive"], "SYNONYMS": ["Payoff", "Buckle under", "Give", "Fruit", "Afford"]}, "YIELDED": {"MEANINGS": {}, "ANTONYMS": ["stand", "survive"], "SYNONYMS": ["Buckle under", "Give", "Afford", "Bear", "Cede"]}, "YIELDER": {"MEANINGS": {}, "ANTONYMS": [], "SYNONYMS": ["Surrenderer", "Yielder"]}, "YIELDERS": {"MEANINGS": {}, "ANTONYMS": [], "SYNONYMS": ["Surrenderer", "Yielder"]}, "YIELDING": {"MEANINGS": {"1": ["Adjective", "inclined to yield to argument or influence or control", [], ["a timid yielding person"]], "2": ["Adjective", "lacking stiffness and giving way to pressure", [], ["a deep yielding layer of foam rubber"]], "3": ["Adjective", "tending to give in or surrender or agree", [], ["too yielding to make a stand against any encroachments\"- V.I.Parrington"]]}, "ANTONYMS": ["stand", "survive"], "SYNONYMS": ["Buckle under", "Give", "Afford", "Bear", "Cede"]}, "YIELDINGLY": {"MEANINGS": {}, "ANTONYMS": ["disobediently"], "SYNONYMS": ["Yieldingly", "Obediently"]}, "YIELDS": {"MEANINGS": {}, "ANTONYMS": ["stand", "survive"], "SYNONYMS": ["Payoff", "Buckle under", "Give", "Fruit", "Afford"]}, "YIN": {"MEANINGS": {"1": ["Noun", "the dark negative feminine principle in Chinese dualistic cosmology", ["Principle", "Rule"], ["the interaction of yin and yang maintains the harmony of the universe"]]}, "ANTONYMS": ["yang"], "SYNONYMS": ["Yin"]}, "YINS": {"MEANINGS": {}, "ANTONYMS": ["yang"], "SYNONYMS": ["Yin"]}, "YIP": {"MEANINGS": {"1": ["Noun", "a sharp high-pitched cry (especially by a dog)", ["Cry"], []]}, "ANTONYMS": [], "SYNONYMS": ["Yelping", "Yip", "Yap", "Yelp"]}, "YIPES": {"MEANINGS": {}, "ANTONYMS": [], "SYNONYMS": ["Yip", "Yap", "Yelp"]}, "YIPS": {"MEANINGS": {"1": ["Noun", "nervous tension that causes an athlete to fail (especially causes golfers to miss short putts)", ["Tension", "Tenseness", "Stress"], ["to avoid the yips he changed his style of putting"]]}, "ANTONYMS": [], "SYNONYMS": ["Yips", "Yelping", "Yap", "Yip", "Yelp"]}, "YIS": {"MEANINGS": {}, "ANTONYMS": [], "SYNONYMS": ["Yi", "Lolo"]}, "YLANG-YLANG": {"MEANINGS": {}, "ANTONYMS": [], "SYNONYMS": ["Ylang-ylang", "Ilang-ilang", "Cananga odorata"]}, "YLEM": {"MEANINGS": {"1": ["Noun", "(cosmology) the original matter that (according to the big bang theory) existed before the formation of the chemical elements", ["Matter"], []]}, "ANTONYMS": [], "SYNONYMS": ["Ylem"]}, "YLEMS": {"MEANINGS": {}, "ANTONYMS": [], "SYNONYMS": ["Ylem"]}, "YMIR": {"MEANINGS": {"1": ["Noun", "(Norse mythology) the primeval giant slain by Odin and his brothers and from whose body they created the world: the sea from his blood; the earth from his flesh; the mountains from his bones; the sky from his skull", [], []]}, "ANTONYMS": [], "SYNONYMS": ["Ymir"]}, "YOB": {"MEANINGS": {}, "ANTONYMS": [], "SYNONYMS": ["Ruffian", "Rowdy", "Yob", "Bully", "Tough"]}, "YOBBO": {"MEANINGS": {}, "ANTONYMS": [], "SYNONYMS": ["Ruffian", "Rowdy", "Yob", "Bully", "Tough"]}, "YOBBOS": {"MEANINGS": {}, "ANTONYMS": [], "SYNONYMS": ["Ruffian", "Rowdy", "Yob", "Bully", "Tough"]}, "YOBS": {"MEANINGS": {}, "ANTONYMS": [], "SYNONYMS": ["Ruffian", "Rowdy", "Yob", "Bully", "Tough"]}, "YODEL": {"MEANINGS": {"1": ["Verb", "sing by changing register; sing by yodeling", ["Sing"], ["The Austrians were yodeling in the mountains"]]}, "ANTONYMS": [], "SYNONYMS": ["Warble", "Yodel", "Descant"]}, "YODELED": {"MEANINGS": {}, "ANTONYMS": [], "SYNONYMS": ["Warble", "Yodel", "Descant"]}, "YODELING": {"MEANINGS": {"1": ["Noun", "singing by changing back and forth between the chest voice and a falsetto", ["Singing", "Vocalizing"], []]}, "ANTONYMS": [], "SYNONYMS": ["Yodel", "Warble", "Yodeling", "Descant"]}, "YODELLED": {"MEANINGS": {}, "ANTONYMS": [], "SYNONYMS": ["Warble", "Yodel", "Descant"]}, "YODELLER": {"MEANINGS": {"1": ["Noun", "a singer who changes register rapidly (popular is Swiss folk songs)", ["Singer", "Vocalist", "Vocalizer", "Vocaliser"], []]}, "ANTONYMS": [], "SYNONYMS": ["Yodeller"]}, "YODELLERS": {"MEANINGS": {}, "ANTONYMS": [], "SYNONYMS": ["Yodeller"]}, "YODELLING": {"MEANINGS": {}, "ANTONYMS": [], "SYNONYMS": ["Warble", "Yodel", "Descant"]}, "YODELS": {"MEANINGS": {}, "ANTONYMS": [], "SYNONYMS": ["Warble", "Yodel", "Descant"]}, "YODH": {"MEANINGS": {"1": ["Noun", "the 10th letter of the Hebrew alphabet", ["Letter", "Letter of the alphabet", "Alphabetic character"], []]}, "ANTONYMS": [], "SYNONYMS": ["Yodh"]}, "YODHS": {"MEANINGS": {}, "ANTONYMS": [], "SYNONYMS": ["Yodh"]}, "YOGA": {"MEANINGS": {"1": ["Noun", "Hindu discipline aimed at training the consciousness for a state of perfect spiritual insight and tranquility that is achieved through the three paths of actions and knowledge and devotion", ["Hinduism", "Hindooism"], []], "2": ["Noun", "a system of exercises practiced as part of the Hindu discipline to promote control of the body and mind", ["Exercise", "Exercising", "Physical exercise", "Physical exertion", "Workout"], []]}, "ANTONYMS": [], "SYNONYMS": ["Yoga"]}, "YOGAS": {"MEANINGS": {}, "ANTONYMS": [], "SYNONYMS": ["Yoga"]}, "YOGHOURT": {"MEANINGS": {}, "ANTONYMS": [], "SYNONYMS": ["Yoghurt", "Yoghourt", "Yogurt"]}, "YOGHOURTS": {"MEANINGS": {}, "ANTONYMS": [], "SYNONYMS": ["Yoghurt", "Yoghourt", "Yogurt"]}, "YOGHURT": {"MEANINGS": {}, "ANTONYMS": [], "SYNONYMS": ["Yoghurt", "Yoghourt", "Yogurt"]}, "YOGHURTS": {"MEANINGS": {}, "ANTONYMS": [], "SYNONYMS": ["Yoghurt", "Yoghourt", "Yogurt"]}, "YOGI": {"MEANINGS": {"2": ["Noun", "one who practices yoga and has achieved a high level of spiritual insight", ["Philosopher"], []]}, "ANTONYMS": [], "SYNONYMS": ["Lawrence peter berra", "Yogi", "Yogi berra", "Berra"]}, "YOGIC": {"MEANINGS": {}, "ANTONYMS": [], "SYNONYMS": ["Yogic", "Yogistic"]}, "YOGIN": {"MEANINGS": {}, "ANTONYMS": [], "SYNONYMS": ["Lawrence peter berra", "Yogi", "Yogi berra", "Berra"]}, "YOGIS": {"MEANINGS": {}, "ANTONYMS": [], "SYNONYMS": ["Lawrence peter berra", "Yogi", "Yogi berra", "Berra"]}, "YOGURT": {"MEANINGS": {"1": ["Noun", "a custard-like food made from curdled milk", ["Dairy product", "Food", "Solid food"], []]}, "ANTONYMS": [], "SYNONYMS": ["Yoghurt", "Yoghourt", "Yogurt"]}, "YOGURTS": {"MEANINGS": {}, "ANTONYMS": [], "SYNONYMS": ["Yoghurt", "Yoghourt", "Yogurt"]}, "YO-YO": {"MEANINGS": {"1": ["Noun", "a toy consisting of a spool that is reeled up and down on a string by motions of the hand", ["Plaything", "Toy"], []]}, "ANTONYMS": [], "SYNONYMS": ["Yo-yo"]}, "YO-YOS": {"MEANINGS": {}, "ANTONYMS": [], "SYNONYMS": ["Yo-yo"]}, "YOKE": {"MEANINGS": {"1": ["Verb", "become joined or linked together", ["Join", "Conjoin"], []], "2": ["Verb", "link with or as with a yoke", ["Attach"], ["yoke the oxen together"]], "4": ["Noun", "a pair of draft animals joined by a yoke", ["Pair"], ["pulled by a yoke of oxen"]], "5": ["Noun", "support consisting of a wooden frame across the shoulders that enables a person to carry buckets hanging from each end", ["Support"], []], "6": ["Noun", "a connection (like a clamp or vise) between two things so they move together", ["Connection", "Connexion", "Connector", "Connecter", "Connective"], []], "7": ["Noun", "stable gear that joins two draft animals at the neck so they can work together as a team", ["Stable gear", "Saddlery", "Tack"], []], "3": ["Verb", "put a yoke on or join with a yoke", ["Attach"], ["Yoke the draft horses together"]]}, "ANTONYMS": ["unyoke"], "SYNONYMS": ["Span", "Duo", "Yoke", "Duad", "Link"]}, "YOKED": {"MEANINGS": {}, "ANTONYMS": ["unyoke"], "SYNONYMS": ["Link", "Yoke"]}, "YOKEL": {"MEANINGS": {"1": ["Noun", "a person who is not very intelligent or interested in culture", ["Rustic"], []]}, "ANTONYMS": [], "SYNONYMS": ["Hick", "Yahoo", "Hayseed", "Yokel", "Rube"]}, "YOKELISH": {"MEANINGS": {}, "ANTONYMS": [], "SYNONYMS": ["Rude", "Bounderish", "Yokelish", "Lowbred", "Ill-bred"]}, "YOKELS": {"MEANINGS": {}, "ANTONYMS": [], "SYNONYMS": ["Hick", "Yahoo", "Hayseed", "Yokel", "Rube"]}, "YOKES": {"MEANINGS": {}, "ANTONYMS": ["unyoke"], "SYNONYMS": ["Span", "Duo", "Yoke", "Duad", "Link"]}, "YOKING": {"MEANINGS": {}, "ANTONYMS": ["unyoke"], "SYNONYMS": ["Link", "Yoke"]}, "YOKOHAMA": {"MEANINGS": {"1": ["Noun", "port city on southeastern Honshu in central Japan", [], []]}, "ANTONYMS": [], "SYNONYMS": ["Yokohama"]}, "YOKUTS": {"MEANINGS": {"2": ["Noun", "a member of the North American Indian people of the San Joaquin Valley", ["Penutian"], []]}, "ANTONYMS": [], "SYNONYMS": ["Mariposan", "Yokuts"]}, "YOLK": {"MEANINGS": {"2": ["Noun", "nutritive material of an ovum stored for the nutrition of an embryo (especially the yellow mass of a bird or reptile egg)", ["Food", "Nutrient"], []]}, "ANTONYMS": [], "SYNONYMS": ["Vitellus", "Yolk", "Egg yolk"]}, "YOLKS": {"MEANINGS": {}, "ANTONYMS": [], "SYNONYMS": ["Vitellus", "Yolk", "Egg yolk"]}, "YON": {"MEANINGS": {}, "ANTONYMS": [], "SYNONYMS": ["Yonder", "Yon"]}, "YONDER": {"MEANINGS": {"1": ["Adverb", "at or in an indicated (usually distant) place (`yon' is archaic and dialectal)", [], ["the house yonder", "scattered here and yon\"- Calder Willingham"]]}, "ANTONYMS": [], "SYNONYMS": ["Yonder", "Yon"]}, "YORE": {"MEANINGS": {"1": ["Noun", "time long past", ["Past", "Past times", "Yesteryear"], []]}, "ANTONYMS": [], "SYNONYMS": ["Yore"]}, "YORES": {"MEANINGS": {}, "ANTONYMS": [], "SYNONYMS": ["Yore"]}, "YORK": {"MEANINGS": {"1": ["Noun", "the English royal house (a branch of the Plantagenet line) that reigned from 1461 to 1485; its emblem was a white rose", ["Dynasty", "Royalty", "Royal family", "Royal line", "Royal house"], []]}, "ANTONYMS": [], "SYNONYMS": ["House of york", "York"]}, "YORKS": {"MEANINGS": {}, "ANTONYMS": [], "SYNONYMS": ["House of york", "York"]}, "YORKSHIRE": {"MEANINGS": {"1": ["Noun", "a former large county in northern England; in 1974 it was divided into three smaller counties", [], []]}, "ANTONYMS": [], "SYNONYMS": ["Yorkshire"]}, "YORKTOWN": {"MEANINGS": {"1": ["Noun", "a historic village in southeastern Virginia to the north of Newport News; site of the last battle of the American Revolution", [], []], "2": ["Noun", "in 1781 the British under Cornwallis surrendered after a siege of three weeks by American and French troops; the surrender ended the American Revolution", [], []]}, "ANTONYMS": [], "SYNONYMS": ["Siege of yorktown", "Yorktown"]}, "YORUBA": {"MEANINGS": {"1": ["Noun", "a member of a West African people living chiefly in southwestern Nigeria", ["Nigerian"], []], "2": ["Noun", "a Kwa language spoken by the Yoruba in southwestern Nigeria", ["Kwa"], []]}, "ANTONYMS": [], "SYNONYMS": ["Aku", "Yoruba"]}, "YORUBAS": {"MEANINGS": {}, "ANTONYMS": [], "SYNONYMS": ["Aku", "Yoruba"]}, "YOSEMITE": {"MEANINGS": {"1": ["Noun", "a series of waterfalls in Yosemite National Park in California; is reduced to a trickle for part of each year", [], []]}, "ANTONYMS": [], "SYNONYMS": ["Yosemite", "Yosemite falls"]}, "YOUNG": {"MEANINGS": {"1": ["Adjective", "(used of living things especially persons) in an early period of life or development or growth", [], ["young people"]], "2": ["Noun", "United States film and television actress (1913-2000)", [], []], "3": ["Noun", "United States civil rights leader (1921-1971)", [], []], "4": ["Adjective", "being in its early stage", [], ["a young industry", "the day is still young"]], "5": ["Noun", "United States jazz tenor saxophonist (1909-1959)", [], []], "6": ["Noun", "English poet (1683-1765)", [], []], "7": ["Noun", "United States baseball player and famous pitcher (1867-1955)", [], []], "8": ["Noun", "United States religious leader of the Mormon Church after the assassination of Joseph Smith; he led the Mormon exodus from Illinois to Salt Lake City, Utah (1801-1877)", [], []], "9": ["Noun", "young people collectively", ["Age group", "Age bracket", "Cohort"], ["rock music appeals to the young", "youth everywhere rises in revolt"]]}, "ANTONYMS": ["old", "aged"], "SYNONYMS": ["Immature", "Untested", "Whitney moore young jr.", "Lester willis young", "New"]}, "YOUNGER": {"MEANINGS": {"1": ["Adjective", "used of the younger of two persons of the same name especially used to distinguish a son from his father", [], ["John Junior", "John Smith, Jr."]]}, "ANTONYMS": ["old"], "SYNONYMS": ["New", "Unseasoned", "Untried", "Younger", "Immature"]}, "YOUNGEST": {"MEANINGS": {}, "ANTONYMS": ["old"], "SYNONYMS": ["New", "Unseasoned", "Untried", "Immature", "Vernal"]}, "YOUNGISH": {"MEANINGS": {"1": ["Adjective", "somewhat young", [], []]}, "ANTONYMS": [], "SYNONYMS": ["Youngish"]}, "YOUNGNESS": {"MEANINGS": {"1": ["Noun", "the opposite of oldness", ["Age"], []]}, "ANTONYMS": ["oldness"], "SYNONYMS": ["Youngness"]}, "YOUNGS": {"MEANINGS": {}, "ANTONYMS": ["aged"], "SYNONYMS": ["Edward young", "Brigham young", "Whitney young", "Offspring", "Thomas young"]}, "YOUNGSTER": {"MEANINGS": {}, "ANTONYMS": [], "SYNONYMS": ["Child", "Minor", "Youngster", "Tiddler", "Tyke"]}, "YOUNGSTERS": {"MEANINGS": {}, "ANTONYMS": [], "SYNONYMS": ["Child", "Minor", "Youngster", "Tiddler", "Tyke"]}, "YOUNGSTOWN": {"MEANINGS": {"1": ["Noun", "a city in northeast Ohio", [], []]}, "ANTONYMS": [], "SYNONYMS": ["Youngstown"]}, "YOUNKER": {"MEANINGS": {}, "ANTONYMS": [], "SYNONYMS": ["Younker", "Youth", "Spring chicken", "Young person"]}, "YOUNKERS": {"MEANINGS": {}, "ANTONYMS": [], "SYNONYMS": ["Younker", "Youth", "Spring chicken", "Young person"]}, "YOUTH": {"MEANINGS": {"3": ["Noun", "the time of life between childhood and maturity", ["Time of life"], []], "4": ["Noun", "early maturity; the state of being young or immature or inexperienced", ["Maturity", "Matureness"], []], "5": ["Noun", "an early period of development", ["Time period", "Period of time", "Period"], ["during the youth of the project"]], "6": ["Noun", "the freshness and vitality characteristic of a young person", ["Youngness"], []]}, "ANTONYMS": ["aged"], "SYNONYMS": ["Early days", "Spring chicken", "Youth", "Youthfulness", "Young"]}, "YOUTHFUL": {"MEANINGS": {"1": ["Adjective", "suggestive of youth; vigorous and fresh", [], ["he is young for his age"]]}, "ANTONYMS": [], "SYNONYMS": ["Youthful", "Vernal", "Young"]}, "YOUTHFULLY": {"MEANINGS": {"1": ["Adverb", "in a youthful manner", [], ["he is still youthfully enthusiastic"]]}, "ANTONYMS": [], "SYNONYMS": ["Youthfully"]}, "YOUTHFULNESS": {"MEANINGS": {}, "ANTONYMS": [], "SYNONYMS": ["Juvenility", "Youth", "Youthfulness"]}, "YOUTHFULNESSES": {"MEANINGS": {}, "ANTONYMS": [], "SYNONYMS": ["Juvenility", "Youth", "Youthfulness"]}, "YOUTHS": {"MEANINGS": {}, "ANTONYMS": ["aged"], "SYNONYMS": ["Early days", "Spring chicken", "Youth", "Youthfulness", "Young"]}, "YOWL": {"MEANINGS": {"2": ["Verb", "utter shrieks, as of cats", ["Shriek", "Shrill", "Pipe up", "Pipe"], []]}, "ANTONYMS": [], "SYNONYMS": ["Hollering", "Hollo", "Holloa", "Roar", "Bellowing"]}, "YOWLED": {"MEANINGS": {}, "ANTONYMS": [], "SYNONYMS": ["Yammer", "Caterwaul", "Yowl", "Wrawl", "Howl"]}, "YOWLING": {"MEANINGS": {}, "ANTONYMS": [], "SYNONYMS": ["Yammer", "Caterwaul", "Yowl", "Wrawl", "Howl"]}, "YOWLS": {"MEANINGS": {}, "ANTONYMS": [], "SYNONYMS": ["Hollering", "Hollo", "Holloa", "Roar", "Bellowing"]}, "YPRES": {"MEANINGS": {"1": ["Noun", "battle in World War I (1917); an Allied offensive which eventually failed because tanks bogged down in the waterlogged soil of Flanders; Germans introduced mustard gas which interfered with the Allied artillery", [], []], "2": ["Noun", "battle in World War I (1915); Germans wanted to try chlorine (a toxic yellow gas) as a weapon and succeeded in taking considerable territory from the Allied salient", [], []], "3": ["Noun", "battle in World War I (1914); heavy but indecisive fighting as the Allies and the Germans both tried to break through the lines of the others", [], []]}, "ANTONYMS": [], "SYNONYMS": ["Second battle of ypres", "Battle of ypres", "Ypres", "Third battle of ypres", "First battle of ypres"]}, "YQUEM": {"MEANINGS": {"1": ["Noun", "a sweet white French wine", ["White wine"], []]}, "ANTONYMS": [], "SYNONYMS": ["Yquem"]}, "YR": {"MEANINGS": {}, "ANTONYMS": [], "SYNONYMS": ["Year", "Yr", "Twelvemonth"]}, "YRS": {"MEANINGS": {}, "ANTONYMS": [], "SYNONYMS": ["Year", "Yr", "Twelvemonth"]}, "YS": {"MEANINGS": {}, "ANTONYMS": [], "SYNONYMS": ["Y", "Wye", "Atomic number 39", "Yttrium"]}, "Y-SHAPED": {"MEANINGS": {"1": ["Adjective", "shaped in the form of the letter Y", [], []]}, "ANTONYMS": [], "SYNONYMS": ["Y-shaped"]}, "YTTERBITE": {"MEANINGS": {}, "ANTONYMS": [], "SYNONYMS": ["Ytterbite", "Gadolinite"]}, "YTTERBIUM": {"MEANINGS": {"1": ["Noun", "a soft silvery metallic element; a rare earth of the lanthanide series; it occurs in gadolinite and monazite and xenotime", ["Metallic element", "Metal"], []]}, "ANTONYMS": [], "SYNONYMS": ["Atomic number 70", "Yb", "Ytterbium"]}, "YTTRIUM": {"MEANINGS": {"1": ["Noun", "a silvery metallic element that is common in rare-earth minerals; used in magnesium and aluminum alloys", ["Metallic element", "Metal"], []]}, "ANTONYMS": [], "SYNONYMS": ["Y", "Atomic number 39", "Yttrium"]}, "YTTRIUMS": {"MEANINGS": {}, "ANTONYMS": [], "SYNONYMS": ["Y", "Atomic number 39", "Yttrium"]}, "YUAN": {"MEANINGS": {"1": ["Noun", "the basic unit of money in China", ["Chinese monetary unit"], []], "2": ["Noun", "the imperial dynasty of China from 1279 to 1368", ["Dynasty"], []]}, "ANTONYMS": [], "SYNONYMS": ["Yuan", "Yuan dynasty", "Mongol dynasty", "Kwai"]}, "YUANS": {"MEANINGS": {}, "ANTONYMS": [], "SYNONYMS": ["Yuan", "Yuan dynasty", "Mongol dynasty", "Kwai"]}, "YUCATAN": {"MEANINGS": {"1": ["Noun", "a state of Mexico on the northern part of the Yucatan Peninsula", [], []], "2": ["Noun", "a peninsula in Central America extending into the Gulf of Mexico between the Bay of Campeche and the Caribbean Sea", [], []]}, "ANTONYMS": [], "SYNONYMS": ["Yucatan peninsula", "Yucatan"]}, "YUCATEC": {"MEANINGS": {"1": ["Noun", "a member of the Mayan people of the Yucatan peninsula in Mexico", ["Mayan", "Maya"], []], "2": ["Noun", "a Mayan language spoken by the Yucatec", ["Maya", "Mayan", "Mayan language"], []]}, "ANTONYMS": [], "SYNONYMS": ["Yucatec", "Yucateco"]}, "YUCATECO": {"MEANINGS": {}, "ANTONYMS": [], "SYNONYMS": ["Yucatec", "Yucateco"]}, "YUCATECS": {"MEANINGS": {}, "ANTONYMS": [], "SYNONYMS": ["Yucatec", "Yucateco"]}, "YUCCA": {"MEANINGS": {"1": ["Noun", "any of several evergreen plants of the genus Yucca having usually tall stout stems and a terminal cluster of white flowers; warmer regions of North America", ["Shrub", "Bush"], []]}, "ANTONYMS": [], "SYNONYMS": ["Yucca"]}, "YUCCAS": {"MEANINGS": {}, "ANTONYMS": [], "SYNONYMS": ["Yucca"]}, "YUCKY": {"MEANINGS": {}, "ANTONYMS": [], "SYNONYMS": ["Disgusting", "Foul", "Wicked", "Repelling", "Yucky"]}, "YUGOSLAV": {"MEANINGS": {"1": ["Noun", "a native or inhabitant of Yugoslavia", ["European"], []]}, "ANTONYMS": [], "SYNONYMS": ["Yugoslav", "Jugoslav", "Yugoslavian", "Jugoslavian"]}, "YUGOSLAVIA": {"MEANINGS": {"2": ["Noun", "a former country of southeastern Europe bordering the Adriatic Sea; formed in 1918 and named Yugoslavia in 1929; controlled by Marshal Tito as a communist state until his death in 1980", [], ["Tito's Yugoslavia included Slovenia, Croatia, Macedonia, Bosnia-Herzegovina, Serbia, and Montenegro"]]}, "ANTONYMS": [], "SYNONYMS": ["Federal republic of yugoslavia", "Yugoslavia", "Serbia and montenegro", "Union of serbia and montenegro", "Jugoslavija"]}, "YUGOSLAVIAN": {"MEANINGS": {"1": ["Adjective", "of or relating to or characteristic of the former country of Yugoslavia or its people or languages", [], ["Yugoslavian wine"]]}, "ANTONYMS": [], "SYNONYMS": ["Yugoslav", "Jugoslav", "Yugoslavian", "Jugoslavian"]}, "YUGOSLAVIANS": {"MEANINGS": {}, "ANTONYMS": [], "SYNONYMS": ["Yugoslav", "Jugoslav", "Yugoslavian", "Jugoslavian"]}, "YUGOSLAVS": {"MEANINGS": {}, "ANTONYMS": [], "SYNONYMS": ["Yugoslav", "Jugoslav", "Yugoslavian", "Jugoslavian"]}, "YUKAWA": {"MEANINGS": {"1": ["Noun", "Japanese mathematical physicist who proposed that nuclear forces are mediated by massive particles called mesons which are analogous to the photon in mediating electromagnetic forces (1907-1981)", [], []]}, "ANTONYMS": [], "SYNONYMS": ["Hideki yukawa", "Yukawa"]}, "YUKON": {"MEANINGS": {"1": ["Noun", "a North American river that flows westward from the Yukon Territory through central Alaska to the Bering Sea", [], []], "2": ["Noun", "a territory in northwestern Canada; site of the Klondike gold rush in the 1890s", [], []]}, "ANTONYMS": [], "SYNONYMS": ["Yukon territory", "Yukon river", "Yukon"]}, "YULE": {"MEANINGS": {}, "ANTONYMS": [], "SYNONYMS": ["Christmastime", "Yule", "Noel", "Yuletide", "Christmastide"]}, "YULES": {"MEANINGS": {}, "ANTONYMS": [], "SYNONYMS": ["Christmastime", "Yule", "Noel", "Yuletide", "Christmastide"]}, "YULETIDE": {"MEANINGS": {}, "ANTONYMS": [], "SYNONYMS": ["Christmastime", "Yule", "Noel", "Yuletide", "Christmastide"]}, "YULETIDES": {"MEANINGS": {}, "ANTONYMS": [], "SYNONYMS": ["Christmastime", "Yule", "Noel", "Yuletide", "Christmastide"]}, "YUMA": {"MEANINGS": {"1": ["Noun", "a member of the North American Indian people of Arizona and adjacent Mexico and California", ["Hokan", "Hoka"], []], "2": ["Noun", "a town in southwestern Arizona on the Colorado River and the California border", [], []], "3": ["Noun", "the Yuman language spoken by the Yuma", ["Yuman"], []]}, "ANTONYMS": [], "SYNONYMS": ["Yuma"]}, "YUMAN": {"MEANINGS": {"1": ["Adjective", "of or relating to the language or culture of the Yuma people", [], []]}, "ANTONYMS": [], "SYNONYMS": ["Yuman"]}, "YUMAS": {"MEANINGS": {}, "ANTONYMS": [], "SYNONYMS": ["Yuma"]}, "YUMMY": {"MEANINGS": {}, "ANTONYMS": [], "SYNONYMS": ["Delectable", "Pleasant-tasting", "Toothsome", "Scrumptious", "Yummy"]}, "YUMMIER": {"MEANINGS": {}, "ANTONYMS": [], "SYNONYMS": ["Delectable", "Pleasant-tasting", "Toothsome", "Scrumptious", "Yummy"]}, "YUMMIEST": {"MEANINGS": {}, "ANTONYMS": [], "SYNONYMS": ["Delectable", "Pleasant-tasting", "Toothsome", "Scrumptious", "Yummy"]}, "YUNNAN": {"MEANINGS": {"1": ["Noun", "a province of southern China", [], []]}, "ANTONYMS": [], "SYNONYMS": ["Yunnan province", "Yunnan"]}, "YUPPIE": {"MEANINGS": {"1": ["Noun", "a young upwardly mobile professional individual; a well-paid middle-class professional who works in a city and has a luxurious life style", ["Professional", "Professional person"], []]}, "ANTONYMS": [], "SYNONYMS": ["Yuppie"]}, "YUPPIES": {"MEANINGS": {}, "ANTONYMS": [], "SYNONYMS": ["Yuppie"]}, "YURT": {"MEANINGS": {"1": ["Noun", "a circular domed dwelling that is portable and self-supporting; originally used by nomadic Mongol and Turkic people of central Asia but now used as inexpensive alternative or temporary housing", ["Dwelling", "Home", "Domicile", "Abode", "Habitation", "Dwelling house"], []]}, "ANTONYMS": [], "SYNONYMS": ["Yurt"]}, "YURTS": {"MEANINGS": {}, "ANTONYMS": [], "SYNONYMS": ["Yurt"]}}